/*
SQLyog Ultimate v12.09 (64 bit)
MySQL - 5.7.11 : Database - fais
*********************************************************************
*/

/*!40101 SET NAMES utf8 */;

/*!40101 SET SQL_MODE=''*/;

/*!40014 SET @OLD_UNIQUE_CHECKS=@@UNIQUE_CHECKS, UNIQUE_CHECKS=0 */;
/*!40014 SET @OLD_FOREIGN_KEY_CHECKS=@@FOREIGN_KEY_CHECKS, FOREIGN_KEY_CHECKS=0 */;
/*!40101 SET @OLD_SQL_MODE=@@SQL_MODE, SQL_MODE='NO_AUTO_VALUE_ON_ZERO' */;
/*!40111 SET @OLD_SQL_NOTES=@@SQL_NOTES, SQL_NOTES=0 */;
CREATE DATABASE /*!32312 IF NOT EXISTS*/`fais` /*!40100 DEFAULT CHARACTER SET latin1 */;

USE `fais`;

/*Table structure for table `tbl_auth_assignment` */

DROP TABLE IF EXISTS `tbl_auth_assignment`;

CREATE TABLE `tbl_auth_assignment` (
  `item_name` varchar(64) COLLATE utf8_unicode_ci NOT NULL,
  `user_id` varchar(64) COLLATE utf8_unicode_ci NOT NULL,
  `created_at` int(11) DEFAULT NULL,
  PRIMARY KEY (`item_name`,`user_id`),
  KEY `auth_assignment_user_id_idx` (`user_id`),
  CONSTRAINT `tbl_auth_assignment_ibfk_1` FOREIGN KEY (`item_name`) REFERENCES `tbl_auth_item` (`name`) ON DELETE CASCADE ON UPDATE CASCADE
) ENGINE=InnoDB DEFAULT CHARSET=utf8 COLLATE=utf8_unicode_ci;

/*Data for the table `tbl_auth_assignment` */

insert  into `tbl_auth_assignment`(`item_name`,`user_id`,`created_at`) values ('access-his-profile','5',1514427468),('access-registration','4',1536717617),('bac-secretary','4',1537775207),('basic-role','18',1517984550),('super-administrator','1',NULL),('User','19',1519976404);

/*Table structure for table `tbl_auth_item` */

DROP TABLE IF EXISTS `tbl_auth_item`;

CREATE TABLE `tbl_auth_item` (
  `name` varchar(64) COLLATE utf8_unicode_ci NOT NULL,
  `type` smallint(6) NOT NULL,
  `description` text COLLATE utf8_unicode_ci,
  `rule_name` varchar(64) COLLATE utf8_unicode_ci DEFAULT NULL,
  `data` blob,
  `created_at` int(11) DEFAULT NULL,
  `updated_at` int(11) DEFAULT NULL,
  PRIMARY KEY (`name`),
  KEY `rule_name` (`rule_name`),
  KEY `idx-auth_item-type` (`type`),
  CONSTRAINT `tbl_auth_item_ibfk_1` FOREIGN KEY (`rule_name`) REFERENCES `tbl_auth_rule` (`name`) ON DELETE SET NULL ON UPDATE CASCADE
) ENGINE=InnoDB DEFAULT CHARSET=utf8 COLLATE=utf8_unicode_ci;

/*Data for the table `tbl_auth_item` */

insert  into `tbl_auth_item`(`name`,`type`,`description`,`rule_name`,`data`,`created_at`,`updated_at`) values ('/*',2,NULL,NULL,NULL,1513914178,1513914178),('/accounting/*',2,NULL,NULL,NULL,1515371555,1515371555),('/admin/*',2,NULL,NULL,NULL,1512924432,1512924432),('/admin/assignment/*',2,NULL,NULL,NULL,1512924430,1512924430),('/admin/assignment/assign',2,NULL,NULL,NULL,1512924430,1512924430),('/admin/assignment/index',2,NULL,NULL,NULL,1512924430,1512924430),('/admin/assignment/revoke',2,NULL,NULL,NULL,1512924430,1512924430),('/admin/assignment/view',2,NULL,NULL,NULL,1512924430,1512924430),('/admin/default/*',2,NULL,NULL,NULL,1512924430,1512924430),('/admin/default/index',2,NULL,NULL,NULL,1512924430,1512924430),('/admin/menu/*',2,NULL,NULL,NULL,1512924430,1512924430),('/admin/menu/create',2,NULL,NULL,NULL,1512924430,1512924430),('/admin/menu/delete',2,NULL,NULL,NULL,1512924430,1512924430),('/admin/menu/index',2,NULL,NULL,NULL,1512924430,1512924430),('/admin/menu/update',2,NULL,NULL,NULL,1512924430,1512924430),('/admin/menu/view',2,NULL,NULL,NULL,1512924430,1512924430),('/admin/permission/*',2,NULL,NULL,NULL,1512924431,1512924431),('/admin/permission/assign',2,NULL,NULL,NULL,1512924431,1512924431),('/admin/permission/create',2,NULL,NULL,NULL,1512924431,1512924431),('/admin/permission/delete',2,NULL,NULL,NULL,1512924431,1512924431),('/admin/permission/index',2,NULL,NULL,NULL,1512924431,1512924431),('/admin/permission/remove',2,NULL,NULL,NULL,1512924431,1512924431),('/admin/permission/update',2,NULL,NULL,NULL,1512924431,1512924431),('/admin/permission/view',2,NULL,NULL,NULL,1512924431,1512924431),('/admin/role/*',2,NULL,NULL,NULL,1512924431,1512924431),('/admin/role/assign',2,NULL,NULL,NULL,1512924431,1512924431),('/admin/role/create',2,NULL,NULL,NULL,1512924431,1512924431),('/admin/role/delete',2,NULL,NULL,NULL,1512924431,1512924431),('/admin/role/index',2,NULL,NULL,NULL,1512924431,1512924431),('/admin/role/remove',2,NULL,NULL,NULL,1512924431,1512924431),('/admin/role/update',2,NULL,NULL,NULL,1512924431,1512924431),('/admin/role/view',2,NULL,NULL,NULL,1512924431,1512924431),('/admin/route/*',2,NULL,NULL,NULL,1512924432,1512924432),('/admin/route/assign',2,NULL,NULL,NULL,1512924431,1512924431),('/admin/route/create',2,NULL,NULL,NULL,1512924431,1512924431),('/admin/route/index',2,NULL,NULL,NULL,1512924431,1512924431),('/admin/route/refresh',2,NULL,NULL,NULL,1512924431,1512924431),('/admin/route/remove',2,NULL,NULL,NULL,1512924431,1512924431),('/admin/rule/*',2,NULL,NULL,NULL,1512924432,1512924432),('/admin/rule/create',2,NULL,NULL,NULL,1512924432,1512924432),('/admin/rule/delete',2,NULL,NULL,NULL,1512924432,1512924432),('/admin/rule/index',2,NULL,NULL,NULL,1512924432,1512924432),('/admin/rule/update',2,NULL,NULL,NULL,1512924432,1512924432),('/admin/rule/view',2,NULL,NULL,NULL,1512924432,1512924432),('/admin/user/*',2,NULL,NULL,NULL,1512924432,1512924432),('/admin/user/activate',2,NULL,NULL,NULL,1512924432,1512924432),('/admin/user/change-password',2,NULL,NULL,NULL,1512924432,1512924432),('/admin/user/deactivate',2,NULL,NULL,NULL,1513914178,1513914178),('/admin/user/delete',2,NULL,NULL,NULL,1512924432,1512924432),('/admin/user/index',2,NULL,NULL,NULL,1512924432,1512924432),('/admin/user/listunit',2,NULL,NULL,NULL,1537770035,1537770035),('/admin/user/login',2,NULL,NULL,NULL,1512924432,1512924432),('/admin/user/logout',2,NULL,NULL,NULL,1512924432,1512924432),('/admin/user/request-password-reset',2,NULL,NULL,NULL,1512924432,1512924432),('/admin/user/reset-password',2,NULL,NULL,NULL,1512924432,1512924432),('/admin/user/signup',2,NULL,NULL,NULL,1512924432,1512924432),('/admin/user/update',2,NULL,NULL,NULL,1513914178,1513914178),('/admin/user/view',2,NULL,NULL,NULL,1512924432,1512924432),('/ajax/*',2,NULL,NULL,NULL,1520920929,1520920929),('/ajax/departments',2,NULL,NULL,NULL,1537770035,1537770035),('/ajax/getaccount',2,NULL,NULL,NULL,1520920931,1520920931),('/ajax/lineitembudget',2,NULL,NULL,NULL,1537770036,1537770036),('/ajax/mymethod',2,NULL,NULL,NULL,1537770036,1537770036),('/ajax/purchaseorderandobligation',2,NULL,NULL,NULL,1537770036,1537770036),('/ajax/purchaserequest',2,NULL,NULL,NULL,1537770035,1537770035),('/ajax/requestforquotationbidsandawards',2,NULL,NULL,NULL,1527646464,1527646464),('/ajax/supplierlist',2,NULL,NULL,NULL,1537770036,1537770036),('/api/*',2,NULL,NULL,NULL,1520296331,1520296331),('/api/create',2,NULL,NULL,NULL,1520296331,1520296331),('/api/delete',2,NULL,NULL,NULL,1520296331,1520296331),('/api/index',2,NULL,NULL,NULL,1520296331,1520296331),('/api/options',2,NULL,NULL,NULL,1520296331,1520296331),('/api/update',2,NULL,NULL,NULL,1520296331,1520296331),('/api/view',2,NULL,NULL,NULL,1520296331,1520296331),('/cashiering/*',2,NULL,NULL,NULL,1515379311,1515379311),('/debug/*',2,NULL,NULL,NULL,1512924433,1512924433),('/debug/default/*',2,NULL,NULL,NULL,1512924433,1512924433),('/debug/default/db-explain',2,NULL,NULL,NULL,1512924432,1512924432),('/debug/default/download-mail',2,NULL,NULL,NULL,1512924433,1512924433),('/debug/default/index',2,NULL,NULL,NULL,1512924433,1512924433),('/debug/default/toolbar',2,NULL,NULL,NULL,1512924433,1512924433),('/debug/default/view',2,NULL,NULL,NULL,1512924433,1512924433),('/debug/user/*',2,NULL,NULL,NULL,1512924433,1512924433),('/debug/user/reset-identity',2,NULL,NULL,NULL,1512924433,1512924433),('/debug/user/set-identity',2,NULL,NULL,NULL,1512924433,1512924433),('/gii/*',2,NULL,NULL,NULL,1512924433,1512924433),('/gii/default/*',2,NULL,NULL,NULL,1512924433,1512924433),('/gii/default/action',2,NULL,NULL,NULL,1512924433,1512924433),('/gii/default/diff',2,NULL,NULL,NULL,1512924433,1512924433),('/gii/default/index',2,NULL,NULL,NULL,1512924433,1512924433),('/gii/default/preview',2,NULL,NULL,NULL,1512924433,1512924433),('/gii/default/view',2,NULL,NULL,NULL,1512924433,1512924433),('/gridview/*',2,NULL,NULL,NULL,1516673162,1516673162),('/gridview/export/*',2,NULL,NULL,NULL,1516673161,1516673161),('/gridview/export/download',2,NULL,NULL,NULL,1516673160,1516673160),('/imagemanager/*',2,NULL,NULL,NULL,1516673162,1516673162),('/imagemanager/default/*',2,NULL,NULL,NULL,1516673162,1516673162),('/imagemanager/default/index',2,NULL,NULL,NULL,1516673162,1516673162),('/imagemanager/manager/*',2,NULL,NULL,NULL,1516673162,1516673162),('/imagemanager/manager/crop',2,NULL,NULL,NULL,1516673162,1516673162),('/imagemanager/manager/delete',2,NULL,NULL,NULL,1516673162,1516673162),('/imagemanager/manager/get-original-image',2,NULL,NULL,NULL,1516673162,1516673162),('/imagemanager/manager/index',2,NULL,NULL,NULL,1516673162,1516673162),('/imagemanager/manager/upload',2,NULL,NULL,NULL,1516673162,1516673162),('/imagemanager/manager/view',2,NULL,NULL,NULL,1516673162,1516673162),('/inventory/*',2,NULL,NULL,NULL,1515133710,1515133710),('/inventory/categorytype/*',2,NULL,NULL,NULL,1517209185,1517209185),('/inventory/categorytype/create',2,NULL,NULL,NULL,1517209185,1517209185),('/inventory/categorytype/delete',2,NULL,NULL,NULL,1517209185,1517209185),('/inventory/categorytype/index',2,NULL,NULL,NULL,1517209185,1517209185),('/inventory/categorytype/update',2,NULL,NULL,NULL,1517209185,1517209185),('/inventory/categorytype/view',2,NULL,NULL,NULL,1517209185,1517209185),('/inventory/default/*',2,NULL,NULL,NULL,1516673162,1516673162),('/inventory/default/index',2,NULL,NULL,NULL,1516673162,1516673162),('/inventory/products/*',2,NULL,NULL,NULL,1517209185,1517209185),('/inventory/products/add-inventory-entries',2,NULL,NULL,NULL,1517209185,1517209185),('/inventory/products/add-inventory-withdrawaldetails',2,NULL,NULL,NULL,1517209185,1517209185),('/inventory/products/create',2,NULL,NULL,NULL,1517209185,1517209185),('/inventory/products/delete',2,NULL,NULL,NULL,1517209185,1517209185),('/inventory/products/index',2,NULL,NULL,NULL,1517209185,1517209185),('/inventory/products/pdf',2,NULL,NULL,NULL,1517209185,1517209185),('/inventory/products/update',2,NULL,NULL,NULL,1517209185,1517209185),('/inventory/products/view',2,NULL,NULL,NULL,1517209185,1517209185),('/lab/*',2,NULL,NULL,NULL,1514814971,1514814971),('/lab/default/*',2,NULL,NULL,NULL,1516673162,1516673162),('/lab/default/index',2,NULL,NULL,NULL,1516673162,1516673162),('/maintenance/*',2,NULL,NULL,NULL,1514539173,1514539173),('/maintenance/index',2,NULL,NULL,NULL,1514539139,1514539139),('/message/*',2,NULL,NULL,NULL,1515721342,1515721342),('/message/message/*',2,NULL,NULL,NULL,1515721342,1515721342),('/message/message/check-for-new-messages',2,NULL,NULL,NULL,1515721341,1515721341),('/message/message/compose',2,NULL,NULL,NULL,1515721342,1515721342),('/message/message/delete',2,NULL,NULL,NULL,1515721342,1515721342),('/message/message/ignorelist',2,NULL,NULL,NULL,1515721341,1515721341),('/message/message/inbox',2,NULL,NULL,NULL,1515721341,1515721341),('/message/message/mark-all-as-read',2,NULL,NULL,NULL,1515721342,1515721342),('/message/message/sent',2,NULL,NULL,NULL,1515721341,1515721341),('/message/message/view',2,NULL,NULL,NULL,1515721342,1515721342),('/paai/registration',2,NULL,NULL,NULL,1536829778,1536829778),('/paai/registration/*',2,NULL,NULL,NULL,1536829843,1536829843),('/package/*',2,NULL,NULL,NULL,1514431824,1514431824),('/package/createmodule',2,NULL,NULL,NULL,1515390508,1515390508),('/package/export',2,NULL,NULL,NULL,1515390508,1515390508),('/package/extract',2,NULL,NULL,NULL,1515054294,1515054294),('/package/getcss',2,NULL,NULL,NULL,1515721342,1515721342),('/package/index',2,NULL,NULL,NULL,1514431824,1514431824),('/package/manager',2,NULL,NULL,NULL,1515721342,1515721342),('/package/removemodule',2,NULL,NULL,NULL,1515390508,1515390508),('/package/update',2,NULL,NULL,NULL,1515721342,1515721342),('/package/upload',2,NULL,NULL,NULL,1515390507,1515390507),('/package/view',2,NULL,NULL,NULL,1515721342,1515721342),('/package/writeini',2,NULL,NULL,NULL,1515054294,1515054294),('/procurement/*',2,NULL,NULL,NULL,1519976243,1519976243),('/procurement/bids/*',2,NULL,NULL,NULL,1527646454,1527646454),('/procurement/bids/checkbidstatus',2,NULL,NULL,NULL,1537770032,1537770032),('/procurement/bids/checkselected',2,NULL,NULL,NULL,1527646464,1527646464),('/procurement/bids/checksupplier',2,NULL,NULL,NULL,1527646464,1527646464),('/procurement/bids/createpo',2,NULL,NULL,NULL,1527646464,1527646464),('/procurement/bids/createpurchase',2,NULL,NULL,NULL,1537770032,1537770032),('/procurement/bids/editPrice',2,NULL,NULL,NULL,1527646464,1527646464),('/procurement/bids/editRemarks',2,NULL,NULL,NULL,1537770032,1537770032),('/procurement/bids/index',2,NULL,NULL,NULL,1527646464,1527646464),('/procurement/bids/mtest',2,NULL,NULL,NULL,1527646464,1527646464),('/procurement/bids/regeneratesupplier',2,NULL,NULL,NULL,1537770032,1537770032),('/procurement/bids/report',2,NULL,NULL,NULL,1527646464,1527646464),('/procurement/bids/reportabstract',2,NULL,NULL,NULL,1537770032,1537770032),('/procurement/bids/view',2,NULL,NULL,NULL,1527646464,1527646464),('/procurement/default/*',2,NULL,NULL,NULL,1520296331,1520296331),('/procurement/default/index',2,NULL,NULL,NULL,1520296331,1520296331),('/procurement/department/*',2,NULL,NULL,NULL,1537770033,1537770033),('/procurement/department/create',2,NULL,NULL,NULL,1537770033,1537770033),('/procurement/department/delete',2,NULL,NULL,NULL,1537770033,1537770033),('/procurement/department/index',2,NULL,NULL,NULL,1537770032,1537770032),('/procurement/department/update',2,NULL,NULL,NULL,1537770033,1537770033),('/procurement/department/view',2,NULL,NULL,NULL,1537770033,1537770033),('/procurement/disburstment/*',2,NULL,NULL,NULL,1537770033,1537770033),('/procurement/disburstment/index',2,NULL,NULL,NULL,1537770033,1537770033),('/procurement/division/*',2,NULL,NULL,NULL,1520296331,1520296331),('/procurement/division/create',2,NULL,NULL,NULL,1520296331,1520296331),('/procurement/division/delete',2,NULL,NULL,NULL,1520296331,1520296331),('/procurement/division/index',2,NULL,NULL,NULL,1520296331,1520296331),('/procurement/division/update',2,NULL,NULL,NULL,1520296331,1520296331),('/procurement/division/view',2,NULL,NULL,NULL,1520296331,1520296331),('/procurement/employee/*',2,NULL,NULL,NULL,1537770033,1537770033),('/procurement/employee/create',2,NULL,NULL,NULL,1537770033,1537770033),('/procurement/employee/delete',2,NULL,NULL,NULL,1537770033,1537770033),('/procurement/employee/index',2,NULL,NULL,NULL,1537770033,1537770033),('/procurement/employee/update',2,NULL,NULL,NULL,1537770033,1537770033),('/procurement/employee/view',2,NULL,NULL,NULL,1537770033,1537770033),('/procurement/line-item-budget/*',2,NULL,NULL,NULL,1537770033,1537770033),('/procurement/line-item-budget/addexpenditure',2,NULL,NULL,NULL,1537770033,1537770033),('/procurement/line-item-budget/addobjectdetails',2,NULL,NULL,NULL,1537770033,1537770033),('/procurement/line-item-budget/create',2,NULL,NULL,NULL,1537770033,1537770033),('/procurement/line-item-budget/delete',2,NULL,NULL,NULL,1537770033,1537770033),('/procurement/line-item-budget/editLibObject',2,NULL,NULL,NULL,1537770033,1537770033),('/procurement/line-item-budget/index',2,NULL,NULL,NULL,1537770033,1537770033),('/procurement/line-item-budget/update',2,NULL,NULL,NULL,1537770033,1537770033),('/procurement/line-item-budget/updateobjects',2,NULL,NULL,NULL,1537770033,1537770033),('/procurement/line-item-budget/view',2,NULL,NULL,NULL,1537770033,1537770033),('/procurement/lineitembudget/*',2,NULL,NULL,NULL,1528941182,1528941182),('/procurement/lineitembudget/addexpenditure',2,NULL,NULL,NULL,1528941182,1528941182),('/procurement/lineitembudget/addobjectdetails',2,NULL,NULL,NULL,1528941182,1528941182),('/procurement/lineitembudget/create',2,NULL,NULL,NULL,1528941182,1528941182),('/procurement/lineitembudget/delete',2,NULL,NULL,NULL,1528941182,1528941182),('/procurement/lineitembudget/editLibObject',2,NULL,NULL,NULL,1528941182,1528941182),('/procurement/lineitembudget/index',2,NULL,NULL,NULL,1528941182,1528941182),('/procurement/lineitembudget/update',2,NULL,NULL,NULL,1528941182,1528941182),('/procurement/lineitembudget/updateobjects',2,NULL,NULL,NULL,1528941182,1528941182),('/procurement/lineitembudget/view',2,NULL,NULL,NULL,1528941182,1528941182),('/procurement/lineitembudgetobjectdetails/*',2,NULL,NULL,NULL,1537770034,1537770034),('/procurement/lineitembudgetobjectdetails/create',2,NULL,NULL,NULL,1537770033,1537770033),('/procurement/lineitembudgetobjectdetails/delete',2,NULL,NULL,NULL,1537770034,1537770034),('/procurement/lineitembudgetobjectdetails/index',2,NULL,NULL,NULL,1537770033,1537770033),('/procurement/lineitembudgetobjectdetails/update',2,NULL,NULL,NULL,1537770034,1537770034),('/procurement/lineitembudgetobjectdetails/view',2,NULL,NULL,NULL,1537770033,1537770033),('/procurement/ppmp/*',2,NULL,NULL,NULL,1537770034,1537770034),('/procurement/ppmp/create',2,NULL,NULL,NULL,1528941743,1528941743),('/procurement/ppmp/delete',2,NULL,NULL,NULL,1528941743,1528941743),('/procurement/ppmp/index',2,NULL,NULL,NULL,1528941743,1528941743),('/procurement/ppmp/update',2,NULL,NULL,NULL,1528941743,1528941743),('/procurement/ppmp/view',2,NULL,NULL,NULL,1528941743,1528941743),('/procurement/project-request/*',2,NULL,NULL,NULL,1537770034,1537770034),('/procurement/project-request/create',2,NULL,NULL,NULL,1537770034,1537770034),('/procurement/project-request/delete',2,NULL,NULL,NULL,1537770034,1537770034),('/procurement/project-request/index',2,NULL,NULL,NULL,1537770034,1537770034),('/procurement/project-request/update',2,NULL,NULL,NULL,1537770034,1537770034),('/procurement/project-request/view',2,NULL,NULL,NULL,1537770034,1537770034),('/procurement/project/*',2,NULL,NULL,NULL,1537770034,1537770034),('/procurement/project/create',2,NULL,NULL,NULL,1537770034,1537770034),('/procurement/project/delete',2,NULL,NULL,NULL,1537770034,1537770034),('/procurement/project/index',2,NULL,NULL,NULL,1537770034,1537770034),('/procurement/project/update',2,NULL,NULL,NULL,1537770034,1537770034),('/procurement/project/view',2,NULL,NULL,NULL,1537770034,1537770034),('/procurement/purchaseorder/*',2,NULL,NULL,NULL,1537770034,1537770034),('/procurement/purchaseorder/index',2,NULL,NULL,NULL,1537770034,1537770034),('/procurement/purchaseorder/purchase-order',2,NULL,NULL,NULL,1537770034,1537770034),('/procurement/purchaseorder/view',2,NULL,NULL,NULL,1537770034,1537770034),('/procurement/purchaserequest/*',2,NULL,NULL,NULL,1520904403,1520904403),('/procurement/purchaserequest/create',2,NULL,NULL,NULL,1537770034,1537770034),('/procurement/purchaserequest/delete',2,NULL,NULL,NULL,1537770034,1537770034),('/procurement/purchaserequest/index',2,NULL,NULL,NULL,1537770034,1537770034),('/procurement/purchaserequest/reportpr',2,NULL,NULL,NULL,1537770034,1537770034),('/procurement/purchaserequest/testajax',2,NULL,NULL,NULL,1537770035,1537770035),('/procurement/purchaserequest/update',2,NULL,NULL,NULL,1537770034,1537770034),('/procurement/purchaserequest/view',2,NULL,NULL,NULL,1537770034,1537770034),('/procurement/purchaserequestdetails/*',2,NULL,NULL,NULL,1537770035,1537770035),('/procurement/purchaserequestdetails/create',2,NULL,NULL,NULL,1537770035,1537770035),('/procurement/purchaserequestdetails/delete',2,NULL,NULL,NULL,1537770035,1537770035),('/procurement/purchaserequestdetails/index',2,NULL,NULL,NULL,1537770035,1537770035),('/procurement/purchaserequestdetails/update',2,NULL,NULL,NULL,1537770035,1537770035),('/procurement/purchaserequestdetails/view',2,NULL,NULL,NULL,1537770035,1537770035),('/procurement/registration/*',2,NULL,NULL,NULL,1536717529,1536717529),('/procurement/registration/checkin',2,NULL,NULL,NULL,1536723061,1536723061),('/procurement/registration/clearnames',2,NULL,NULL,NULL,1537770035,1537770035),('/procurement/registration/create',2,NULL,NULL,NULL,1536717529,1536717529),('/procurement/registration/delete',2,NULL,NULL,NULL,1536717529,1536717529),('/procurement/registration/drawnames',2,NULL,NULL,NULL,1537770035,1537770035),('/procurement/registration/gender',2,NULL,NULL,NULL,1537770035,1537770035),('/procurement/registration/index',2,NULL,NULL,NULL,1536717529,1536717529),('/procurement/registration/raffle',2,NULL,NULL,NULL,1537770035,1537770035),('/procurement/registration/replacename',2,NULL,NULL,NULL,1537770035,1537770035),('/procurement/registration/summary',2,NULL,NULL,NULL,1537770035,1537770035),('/procurement/registration/update',2,NULL,NULL,NULL,1536717529,1536717529),('/procurement/registration/view',2,NULL,NULL,NULL,1536717529,1536717529),('/procurement/registration/votes',2,NULL,NULL,NULL,1537770035,1537770035),('/profile/*',2,NULL,NULL,NULL,1513914178,1513914178),('/profile/create',2,NULL,NULL,NULL,1513914178,1513914178),('/profile/delete',2,NULL,NULL,NULL,1513914178,1513914178),('/profile/deleteimage',2,NULL,NULL,NULL,1514536468,1514536468),('/profile/index',2,NULL,NULL,NULL,1513914178,1513914178),('/profile/update',2,NULL,NULL,NULL,1513914178,1513914178),('/profile/uploadPhoto',2,NULL,NULL,NULL,1513930949,1513930949),('/profile/view',2,NULL,NULL,NULL,1513914178,1513914178),('/sample/*',2,NULL,NULL,NULL,1515141962,1515141962),('/settings/*',2,NULL,NULL,NULL,1514536468,1514536468),('/settings/disable',2,NULL,NULL,NULL,1514536468,1514536468),('/settings/enable',2,NULL,NULL,NULL,1514536468,1514536468),('/settings/index',2,NULL,NULL,NULL,1514536468,1514536468),('/site/*',2,NULL,NULL,NULL,1512923763,1512923763),('/site/about',2,NULL,NULL,NULL,1513840641,1513840641),('/site/captcha',2,NULL,NULL,NULL,1513840641,1513840641),('/site/contact',2,NULL,NULL,NULL,1513840641,1513840641),('/site/error',2,NULL,NULL,NULL,1512924433,1512924433),('/site/index',2,NULL,NULL,NULL,1512924433,1512924433),('/site/login',2,NULL,NULL,NULL,1512924433,1512924433),('/site/logout',2,NULL,NULL,NULL,1512924433,1512924433),('/site/query',2,NULL,NULL,NULL,1520296331,1520296331),('/site/request-password-reset',2,NULL,NULL,NULL,1513840641,1513840641),('/site/requestpasswordreset',2,NULL,NULL,NULL,1516091491,1516091491),('/site/reset-password',2,NULL,NULL,NULL,1514249865,1514249865),('/site/sendmail',2,NULL,NULL,NULL,1516091490,1516091490),('/site/signup',2,NULL,NULL,NULL,1513840641,1513840641),('/site/success',2,NULL,NULL,NULL,1516091491,1516091491),('/site/upload',2,NULL,NULL,NULL,1513930949,1513930949),('/site/verify',2,NULL,NULL,NULL,1516091491,1516091491),('/tagging/*',2,NULL,NULL,NULL,1515130615,1515130615),('/tagging/default/*',2,NULL,NULL,NULL,1516673162,1516673162),('/tagging/default/index',2,NULL,NULL,NULL,1516673162,1516673162),('/test/*',2,NULL,NULL,NULL,1516084595,1516084595),('/test2/*',2,NULL,NULL,NULL,1516085459,1516085459),('/test3/*',2,NULL,NULL,NULL,1516085788,1516085788),('/tt/*',2,NULL,NULL,NULL,1516086131,1516086131),('/uploads/*',2,NULL,NULL,NULL,1514350073,1514350073),('/user/*',2,NULL,NULL,NULL,1513843345,1513843345),('/user/create',2,NULL,NULL,NULL,1513843345,1513843345),('/user/delete',2,NULL,NULL,NULL,1513843345,1513843345),('/user/index',2,NULL,NULL,NULL,1513843344,1513843344),('/user/update',2,NULL,NULL,NULL,1513843345,1513843345),('/user/view',2,NULL,NULL,NULL,1513843344,1513843344),('access-accounting',2,'This permission allow user to access accounting module',NULL,NULL,1515371555,1515371555),('access-ajax',2,'Access Ajax',NULL,NULL,1520920954,1520920954),('access-assignment',2,'Permission will allow user to access assignment',NULL,NULL,1514425828,1514425828),('access-bidsquotation',2,NULL,NULL,NULL,1537774882,1537774882),('access-cashiering',2,'This permission allow user to access cashiering module',NULL,NULL,1515379311,1515379311),('access-debug',2,'This Permission allow user to access debug module',NULL,NULL,1513840103,1513840103),('access-division',2,'Permission that will access Division Page.',NULL,NULL,1520296458,1520296458),('access-gii',2,'This permission allow user to access GII Tool',NULL,NULL,1513839929,1513839929),('access-his-profile',2,'This permission will only allow user access on his own profile',NULL,NULL,1513925187,1513925187),('access-inventory',2,'This permission allow user to access inventory module',NULL,NULL,1515133710,1515133710),('access-lab',2,'This permission allow user to access Laboratory module',NULL,NULL,1514815010,1514815010),('access-lineitembudget',2,'access-lineitembudget',NULL,NULL,1528941680,1528941680),('access-menu',2,'Permission to allow access menu ',NULL,NULL,1514426762,1514426762),('access-message',2,'This permssion allow user to access message module',NULL,NULL,1515721386,1515721386),('access-paai',2,'access-paai',NULL,NULL,1536829719,1536829719),('access-package',2,'This permission allow user to access package manager',NULL,NULL,1514431815,1514431815),('access-package-list',2,'Allow Users to access package list',NULL,NULL,1515486771,1515486771),('access-permission',2,'Permission to access permission',NULL,NULL,1514426671,1514426671),('access-porderandobligation',2,NULL,NULL,NULL,1537774912,1537774958),('access-ppmp',2,'access-ppmp',NULL,NULL,1528941719,1528941719),('access-procurement',2,'This permission allow user to access procurement module',NULL,NULL,1519976243,1519976243),('access-profile',2,'This permission allow users access on Profile',NULL,NULL,1513924948,1513924948),('access-purchaserequest',2,'Access Purchase Request',NULL,NULL,1520904551,1520904551),('access-rbac',2,'This permission allow users to access RBAC but depends on other permissions to access other features of RBAC.',NULL,NULL,1514364821,1514364821),('access-registration',2,'access-registration',NULL,NULL,1536717562,1536717562),('access-role',2,'Permission to allow access role',NULL,NULL,1514426382,1514426382),('access-route',2,'Permission to allow access route',NULL,NULL,1514425999,1514425999),('access-rule',2,'Permission to access Rule',NULL,NULL,1514426816,1514426896),('access-sample',2,'This permission allow user to access sample module',NULL,NULL,1515141962,1515141962),('access-settings',2,'This permission allows user to access settings',NULL,NULL,1514536456,1514536456),('access-signup',2,'This permission allow user to signup',NULL,NULL,1513840579,1513840579),('access-system-tools',2,'Access System Tools for Admin',NULL,NULL,1529301931,1529301931),('access-tagging',2,'This permission allow user to access tagging module',NULL,NULL,1515130615,1515130615),('access-test',2,'This permission allow user to access test module',NULL,NULL,1516084596,1516084596),('access-test2',2,'This permission allow user to access test2 module',NULL,NULL,1516085459,1516085459),('access-test3',2,'This permission allow user to access test3 module',NULL,NULL,1516085788,1516085788),('access-tt',2,'This permission allow user to access tt module',NULL,NULL,1516086131,1516086131),('access-user',2,'This permission allow user to access User Account',NULL,NULL,1514425679,1514425679),('allow-access-backend',2,'This Permission allow users to access backend',NULL,NULL,1513908976,1513908976),('allow-gridview-export',2,'this permissions will allow access export/download',NULL,NULL,1517209167,1517209167),('bac-member',1,'bac-member',NULL,NULL,1528940411,1528940411),('bac-secretary',1,'bac-secretary',NULL,NULL,1528940380,1528940380),('basic-role',1,'Basic role for newly created user',NULL,NULL,1517967802,1517967802),('can-delete-profile',2,'This permission allow user to delete profile',NULL,NULL,1514428789,1514428789),('Guest',1,'This the default Role',NULL,NULL,1517381088,1517381088),('profile-full-access',2,'This permission allow users to access profile with full access',NULL,NULL,1513914161,1513914161),('rbac-assign-permission',2,'This permission allows user to assign roles',NULL,NULL,1512924223,1513840446),('rbac-full-access',2,'This permission has all the rights to access rbac',NULL,NULL,1513840364,1513840364),('super-administrator',1,'This role reserve all the rights and permissions',NULL,NULL,1513838897,1513840008),('Unit Head',1,'Head of a Unit',NULL,NULL,1519955844,1519955844),('User',1,'User',NULL,NULL,1519955864,1519955864),('user-full-access',2,'This Permission allows user to access User module',NULL,NULL,1513843398,1513843398);

/*Table structure for table `tbl_auth_item_child` */

DROP TABLE IF EXISTS `tbl_auth_item_child`;

CREATE TABLE `tbl_auth_item_child` (
  `parent` varchar(64) COLLATE utf8_unicode_ci NOT NULL,
  `child` varchar(64) COLLATE utf8_unicode_ci NOT NULL,
  PRIMARY KEY (`parent`,`child`),
  KEY `child` (`child`),
  CONSTRAINT `tbl_auth_item_child_ibfk_1` FOREIGN KEY (`parent`) REFERENCES `tbl_auth_item` (`name`) ON DELETE CASCADE ON UPDATE CASCADE,
  CONSTRAINT `tbl_auth_item_child_ibfk_2` FOREIGN KEY (`child`) REFERENCES `tbl_auth_item` (`name`) ON DELETE CASCADE ON UPDATE CASCADE
) ENGINE=InnoDB DEFAULT CHARSET=utf8 COLLATE=utf8_unicode_ci;

/*Data for the table `tbl_auth_item_child` */

insert  into `tbl_auth_item_child`(`parent`,`child`) values ('super-administrator','/*'),('access-accounting','/accounting/*'),('super-administrator','/accounting/*'),('rbac-full-access','/admin/*'),('super-administrator','/admin/*'),('rbac-assign-permission','/admin/assignment/*'),('super-administrator','/admin/assignment/*'),('super-administrator','/admin/assignment/assign'),('access-assignment','/admin/assignment/index'),('super-administrator','/admin/assignment/index'),('super-administrator','/admin/assignment/revoke'),('access-assignment','/admin/assignment/view'),('access-rbac','/admin/assignment/view'),('super-administrator','/admin/assignment/view'),('super-administrator','/admin/default/*'),('super-administrator','/admin/default/index'),('super-administrator','/admin/menu/*'),('super-administrator','/admin/menu/create'),('super-administrator','/admin/menu/delete'),('access-menu','/admin/menu/index'),('super-administrator','/admin/menu/index'),('super-administrator','/admin/menu/update'),('access-menu','/admin/menu/view'),('super-administrator','/admin/menu/view'),('super-administrator','/admin/permission/*'),('super-administrator','/admin/permission/assign'),('super-administrator','/admin/permission/create'),('super-administrator','/admin/permission/delete'),('access-permission','/admin/permission/index'),('super-administrator','/admin/permission/index'),('super-administrator','/admin/permission/remove'),('super-administrator','/admin/permission/update'),('access-permission','/admin/permission/view'),('super-administrator','/admin/permission/view'),('super-administrator','/admin/role/*'),('super-administrator','/admin/role/assign'),('super-administrator','/admin/role/create'),('super-administrator','/admin/role/delete'),('access-role','/admin/role/index'),('super-administrator','/admin/role/index'),('super-administrator','/admin/role/remove'),('super-administrator','/admin/role/update'),('access-role','/admin/role/view'),('super-administrator','/admin/role/view'),('super-administrator','/admin/route/*'),('access-route','/admin/route/assign'),('super-administrator','/admin/route/assign'),('super-administrator','/admin/route/create'),('access-route','/admin/route/index'),('super-administrator','/admin/route/index'),('super-administrator','/admin/route/refresh'),('super-administrator','/admin/route/remove'),('super-administrator','/admin/rule/*'),('super-administrator','/admin/rule/create'),('super-administrator','/admin/rule/delete'),('access-rule','/admin/rule/index'),('super-administrator','/admin/rule/index'),('super-administrator','/admin/rule/update'),('access-rule','/admin/rule/view'),('super-administrator','/admin/rule/view'),('access-user','/admin/user/*'),('super-administrator','/admin/user/*'),('super-administrator','/admin/user/activate'),('super-administrator','/admin/user/change-password'),('super-administrator','/admin/user/deactivate'),('super-administrator','/admin/user/delete'),('super-administrator','/admin/user/index'),('super-administrator','/admin/user/listunit'),('super-administrator','/admin/user/login'),('super-administrator','/admin/user/logout'),('super-administrator','/admin/user/request-password-reset'),('super-administrator','/admin/user/reset-password'),('super-administrator','/admin/user/signup'),('super-administrator','/admin/user/update'),('super-administrator','/admin/user/view'),('access-ajax','/ajax/*'),('super-administrator','/ajax/*'),('super-administrator','/ajax/departments'),('super-administrator','/ajax/getaccount'),('super-administrator','/ajax/lineitembudget'),('super-administrator','/ajax/mymethod'),('access-porderandobligation','/ajax/purchaseorderandobligation'),('access-purchaserequest','/ajax/purchaseorderandobligation'),('super-administrator','/ajax/purchaseorderandobligation'),('access-purchaserequest','/ajax/purchaserequest'),('super-administrator','/ajax/purchaserequest'),('access-bidsquotation','/ajax/requestforquotationbidsandawards'),('access-purchaserequest','/ajax/requestforquotationbidsandawards'),('super-administrator','/ajax/requestforquotationbidsandawards'),('super-administrator','/ajax/supplierlist'),('super-administrator','/api/*'),('super-administrator','/api/create'),('super-administrator','/api/delete'),('super-administrator','/api/index'),('super-administrator','/api/options'),('super-administrator','/api/update'),('super-administrator','/api/view'),('access-cashiering','/cashiering/*'),('super-administrator','/cashiering/*'),('access-debug','/debug/*'),('super-administrator','/debug/*'),('super-administrator','/debug/default/*'),('super-administrator','/debug/default/db-explain'),('super-administrator','/debug/default/download-mail'),('super-administrator','/debug/default/index'),('super-administrator','/debug/default/toolbar'),('super-administrator','/debug/default/view'),('super-administrator','/debug/user/*'),('super-administrator','/debug/user/reset-identity'),('super-administrator','/debug/user/set-identity'),('access-gii','/gii/*'),('super-administrator','/gii/*'),('super-administrator','/gii/default/*'),('super-administrator','/gii/default/action'),('super-administrator','/gii/default/diff'),('super-administrator','/gii/default/index'),('super-administrator','/gii/default/preview'),('super-administrator','/gii/default/view'),('allow-gridview-export','/gridview/*'),('super-administrator','/gridview/*'),('super-administrator','/gridview/export/*'),('super-administrator','/gridview/export/download'),('super-administrator','/imagemanager/*'),('super-administrator','/imagemanager/default/*'),('super-administrator','/imagemanager/default/index'),('super-administrator','/imagemanager/manager/*'),('super-administrator','/imagemanager/manager/crop'),('super-administrator','/imagemanager/manager/delete'),('super-administrator','/imagemanager/manager/get-original-image'),('super-administrator','/imagemanager/manager/index'),('super-administrator','/imagemanager/manager/upload'),('super-administrator','/imagemanager/manager/view'),('access-inventory','/inventory/*'),('super-administrator','/inventory/*'),('super-administrator','/inventory/categorytype/*'),('super-administrator','/inventory/categorytype/create'),('super-administrator','/inventory/categorytype/delete'),('super-administrator','/inventory/categorytype/index'),('super-administrator','/inventory/categorytype/update'),('super-administrator','/inventory/categorytype/view'),('super-administrator','/inventory/default/*'),('super-administrator','/inventory/default/index'),('super-administrator','/inventory/products/*'),('super-administrator','/inventory/products/add-inventory-entries'),('super-administrator','/inventory/products/add-inventory-withdrawaldetails'),('super-administrator','/inventory/products/create'),('super-administrator','/inventory/products/delete'),('super-administrator','/inventory/products/index'),('super-administrator','/inventory/products/pdf'),('super-administrator','/inventory/products/update'),('super-administrator','/inventory/products/view'),('access-lab','/lab/*'),('super-administrator','/lab/*'),('super-administrator','/lab/default/*'),('super-administrator','/lab/default/index'),('Guest','/maintenance/*'),('super-administrator','/maintenance/*'),('super-administrator','/maintenance/index'),('access-message','/message/*'),('super-administrator','/message/*'),('super-administrator','/message/message/*'),('super-administrator','/message/message/check-for-new-messages'),('super-administrator','/message/message/compose'),('super-administrator','/message/message/delete'),('super-administrator','/message/message/ignorelist'),('super-administrator','/message/message/inbox'),('super-administrator','/message/message/mark-all-as-read'),('super-administrator','/message/message/sent'),('super-administrator','/message/message/view'),('super-administrator','/paai/registration'),('super-administrator','/paai/registration/*'),('access-package','/package/*'),('super-administrator','/package/*'),('access-package','/package/createmodule'),('super-administrator','/package/createmodule'),('access-package','/package/export'),('super-administrator','/package/export'),('access-package','/package/extract'),('super-administrator','/package/extract'),('super-administrator','/package/getcss'),('access-package','/package/index'),('super-administrator','/package/index'),('super-administrator','/package/manager'),('access-package','/package/removemodule'),('super-administrator','/package/removemodule'),('super-administrator','/package/update'),('access-package','/package/upload'),('super-administrator','/package/upload'),('super-administrator','/package/view'),('access-package','/package/writeini'),('super-administrator','/package/writeini'),('bac-secretary','/procurement/*'),('super-administrator','/procurement/*'),('access-bidsquotation','/procurement/bids/*'),('super-administrator','/procurement/bids/*'),('access-bidsquotation','/procurement/bids/checkbidstatus'),('super-administrator','/procurement/bids/checkbidstatus'),('access-bidsquotation','/procurement/bids/checkselected'),('super-administrator','/procurement/bids/checkselected'),('access-bidsquotation','/procurement/bids/checksupplier'),('super-administrator','/procurement/bids/checksupplier'),('access-bidsquotation','/procurement/bids/createpo'),('super-administrator','/procurement/bids/createpo'),('access-bidsquotation','/procurement/bids/createpurchase'),('super-administrator','/procurement/bids/createpurchase'),('access-bidsquotation','/procurement/bids/editPrice'),('super-administrator','/procurement/bids/editPrice'),('access-bidsquotation','/procurement/bids/editRemarks'),('super-administrator','/procurement/bids/editRemarks'),('access-bidsquotation','/procurement/bids/index'),('super-administrator','/procurement/bids/index'),('access-bidsquotation','/procurement/bids/mtest'),('super-administrator','/procurement/bids/mtest'),('access-bidsquotation','/procurement/bids/regeneratesupplier'),('super-administrator','/procurement/bids/regeneratesupplier'),('access-bidsquotation','/procurement/bids/report'),('super-administrator','/procurement/bids/report'),('access-bidsquotation','/procurement/bids/reportabstract'),('super-administrator','/procurement/bids/reportabstract'),('access-bidsquotation','/procurement/bids/view'),('super-administrator','/procurement/bids/view'),('super-administrator','/procurement/default/*'),('super-administrator','/procurement/default/index'),('super-administrator','/procurement/department/*'),('super-administrator','/procurement/department/create'),('super-administrator','/procurement/department/delete'),('super-administrator','/procurement/department/index'),('super-administrator','/procurement/department/update'),('super-administrator','/procurement/department/view'),('super-administrator','/procurement/disburstment/*'),('super-administrator','/procurement/disburstment/index'),('access-division','/procurement/division/*'),('super-administrator','/procurement/division/*'),('super-administrator','/procurement/division/create'),('super-administrator','/procurement/division/delete'),('super-administrator','/procurement/division/index'),('super-administrator','/procurement/division/update'),('super-administrator','/procurement/division/view'),('super-administrator','/procurement/employee/*'),('super-administrator','/procurement/employee/create'),('super-administrator','/procurement/employee/delete'),('super-administrator','/procurement/employee/index'),('super-administrator','/procurement/employee/update'),('super-administrator','/procurement/employee/view'),('super-administrator','/procurement/line-item-budget/*'),('super-administrator','/procurement/line-item-budget/addexpenditure'),('super-administrator','/procurement/line-item-budget/addobjectdetails'),('super-administrator','/procurement/line-item-budget/create'),('super-administrator','/procurement/line-item-budget/delete'),('super-administrator','/procurement/line-item-budget/editLibObject'),('super-administrator','/procurement/line-item-budget/index'),('super-administrator','/procurement/line-item-budget/update'),('super-administrator','/procurement/line-item-budget/updateobjects'),('super-administrator','/procurement/line-item-budget/view'),('super-administrator','/procurement/lineitembudget/*'),('access-lineitembudget','/procurement/lineitembudget/addexpenditure'),('super-administrator','/procurement/lineitembudget/addexpenditure'),('access-lineitembudget','/procurement/lineitembudget/addobjectdetails'),('super-administrator','/procurement/lineitembudget/addobjectdetails'),('access-lineitembudget','/procurement/lineitembudget/create'),('super-administrator','/procurement/lineitembudget/create'),('access-lineitembudget','/procurement/lineitembudget/delete'),('super-administrator','/procurement/lineitembudget/delete'),('access-lineitembudget','/procurement/lineitembudget/editLibObject'),('super-administrator','/procurement/lineitembudget/editLibObject'),('access-lineitembudget','/procurement/lineitembudget/index'),('super-administrator','/procurement/lineitembudget/index'),('access-lineitembudget','/procurement/lineitembudget/update'),('super-administrator','/procurement/lineitembudget/update'),('access-lineitembudget','/procurement/lineitembudget/updateobjects'),('super-administrator','/procurement/lineitembudget/updateobjects'),('access-lineitembudget','/procurement/lineitembudget/view'),('super-administrator','/procurement/lineitembudget/view'),('super-administrator','/procurement/lineitembudgetobjectdetails/*'),('super-administrator','/procurement/lineitembudgetobjectdetails/create'),('super-administrator','/procurement/lineitembudgetobjectdetails/delete'),('super-administrator','/procurement/lineitembudgetobjectdetails/index'),('super-administrator','/procurement/lineitembudgetobjectdetails/update'),('super-administrator','/procurement/lineitembudgetobjectdetails/view'),('super-administrator','/procurement/ppmp/*'),('access-ppmp','/procurement/ppmp/create'),('super-administrator','/procurement/ppmp/create'),('access-ppmp','/procurement/ppmp/delete'),('super-administrator','/procurement/ppmp/delete'),('access-ppmp','/procurement/ppmp/index'),('super-administrator','/procurement/ppmp/index'),('access-ppmp','/procurement/ppmp/update'),('super-administrator','/procurement/ppmp/update'),('access-ppmp','/procurement/ppmp/view'),('super-administrator','/procurement/ppmp/view'),('super-administrator','/procurement/project-request/*'),('super-administrator','/procurement/project-request/create'),('super-administrator','/procurement/project-request/delete'),('super-administrator','/procurement/project-request/index'),('super-administrator','/procurement/project-request/update'),('super-administrator','/procurement/project-request/view'),('super-administrator','/procurement/project/*'),('super-administrator','/procurement/project/create'),('super-administrator','/procurement/project/delete'),('super-administrator','/procurement/project/index'),('super-administrator','/procurement/project/update'),('super-administrator','/procurement/project/view'),('access-porderandobligation','/procurement/purchaseorder/*'),('super-administrator','/procurement/purchaseorder/*'),('access-porderandobligation','/procurement/purchaseorder/index'),('super-administrator','/procurement/purchaseorder/index'),('access-porderandobligation','/procurement/purchaseorder/purchase-order'),('super-administrator','/procurement/purchaseorder/purchase-order'),('access-porderandobligation','/procurement/purchaseorder/view'),('super-administrator','/procurement/purchaseorder/view'),('access-purchaserequest','/procurement/purchaserequest/*'),('super-administrator','/procurement/purchaserequest/*'),('super-administrator','/procurement/purchaserequest/create'),('super-administrator','/procurement/purchaserequest/delete'),('super-administrator','/procurement/purchaserequest/index'),('super-administrator','/procurement/purchaserequest/reportpr'),('super-administrator','/procurement/purchaserequest/testajax'),('super-administrator','/procurement/purchaserequest/update'),('super-administrator','/procurement/purchaserequest/view'),('super-administrator','/procurement/purchaserequestdetails/*'),('super-administrator','/procurement/purchaserequestdetails/create'),('super-administrator','/procurement/purchaserequestdetails/delete'),('super-administrator','/procurement/purchaserequestdetails/index'),('super-administrator','/procurement/purchaserequestdetails/update'),('super-administrator','/procurement/purchaserequestdetails/view'),('access-registration','/procurement/registration/*'),('super-administrator','/procurement/registration/*'),('access-registration','/procurement/registration/checkin'),('super-administrator','/procurement/registration/checkin'),('super-administrator','/procurement/registration/clearnames'),('access-registration','/procurement/registration/create'),('super-administrator','/procurement/registration/create'),('access-registration','/procurement/registration/delete'),('super-administrator','/procurement/registration/delete'),('super-administrator','/procurement/registration/drawnames'),('super-administrator','/procurement/registration/gender'),('access-registration','/procurement/registration/index'),('super-administrator','/procurement/registration/index'),('super-administrator','/procurement/registration/raffle'),('super-administrator','/procurement/registration/replacename'),('super-administrator','/procurement/registration/summary'),('access-registration','/procurement/registration/update'),('super-administrator','/procurement/registration/update'),('access-registration','/procurement/registration/view'),('super-administrator','/procurement/registration/view'),('super-administrator','/procurement/registration/votes'),('profile-full-access','/profile/*'),('super-administrator','/profile/*'),('access-his-profile','/profile/create'),('super-administrator','/profile/create'),('super-administrator','/profile/delete'),('super-administrator','/profile/deleteimage'),('access-his-profile','/profile/index'),('access-profile','/profile/index'),('super-administrator','/profile/index'),('access-his-profile','/profile/update'),('super-administrator','/profile/update'),('access-his-profile','/profile/uploadPhoto'),('profile-full-access','/profile/uploadPhoto'),('super-administrator','/profile/uploadPhoto'),('access-his-profile','/profile/view'),('access-profile','/profile/view'),('super-administrator','/profile/view'),('access-sample','/sample/*'),('super-administrator','/sample/*'),('access-settings','/settings/*'),('super-administrator','/settings/*'),('super-administrator','/settings/disable'),('super-administrator','/settings/enable'),('super-administrator','/settings/index'),('Guest','/site/*'),('super-administrator','/site/*'),('super-administrator','/site/about'),('super-administrator','/site/captcha'),('super-administrator','/site/contact'),('super-administrator','/site/error'),('super-administrator','/site/index'),('super-administrator','/site/login'),('super-administrator','/site/logout'),('super-administrator','/site/query'),('super-administrator','/site/request-password-reset'),('super-administrator','/site/requestpasswordreset'),('super-administrator','/site/reset-password'),('super-administrator','/site/sendmail'),('access-signup','/site/signup'),('super-administrator','/site/signup'),('super-administrator','/site/success'),('profile-full-access','/site/upload'),('super-administrator','/site/upload'),('super-administrator','/site/verify'),('access-tagging','/tagging/*'),('super-administrator','/tagging/*'),('super-administrator','/tagging/default/*'),('super-administrator','/tagging/default/index'),('access-test','/test/*'),('super-administrator','/test/*'),('access-test2','/test2/*'),('super-administrator','/test2/*'),('access-test3','/test3/*'),('super-administrator','/test3/*'),('access-tt','/tt/*'),('super-administrator','/tt/*'),('super-administrator','/uploads/*'),('super-administrator','/user/*'),('user-full-access','/user/*'),('super-administrator','/user/create'),('super-administrator','/user/delete'),('super-administrator','/user/index'),('super-administrator','/user/update'),('super-administrator','/user/view'),('super-administrator','access-accounting'),('super-administrator','access-ajax'),('super-administrator','access-assignment'),('bac-secretary','access-bidsquotation'),('super-administrator','access-bidsquotation'),('super-administrator','access-cashiering'),('super-administrator','access-debug'),('super-administrator','access-division'),('super-administrator','access-gii'),('basic-role','access-his-profile'),('super-administrator','access-his-profile'),('super-administrator','access-inventory'),('super-administrator','access-lab'),('bac-member','access-lineitembudget'),('bac-secretary','access-lineitembudget'),('super-administrator','access-lineitembudget'),('User','access-lineitembudget'),('super-administrator','access-menu'),('basic-role','access-message'),('super-administrator','access-message'),('super-administrator','access-paai'),('super-administrator','access-package'),('super-administrator','access-package-list'),('super-administrator','access-permission'),('bac-secretary','access-porderandobligation'),('super-administrator','access-porderandobligation'),('bac-member','access-ppmp'),('bac-secretary','access-ppmp'),('super-administrator','access-ppmp'),('User','access-ppmp'),('bac-member','access-procurement'),('bac-secretary','access-procurement'),('super-administrator','access-procurement'),('User','access-procurement'),('profile-full-access','access-profile'),('super-administrator','access-profile'),('bac-member','access-purchaserequest'),('bac-secretary','access-purchaserequest'),('super-administrator','access-purchaserequest'),('User','access-purchaserequest'),('super-administrator','access-rbac'),('super-administrator','access-registration'),('super-administrator','access-role'),('super-administrator','access-route'),('super-administrator','access-rule'),('super-administrator','access-sample'),('basic-role','access-settings'),('super-administrator','access-settings'),('User','access-settings'),('Guest','access-signup'),('super-administrator','access-signup'),('super-administrator','access-system-tools'),('super-administrator','access-tagging'),('super-administrator','access-test'),('super-administrator','access-test2'),('super-administrator','access-test3'),('super-administrator','access-tt'),('super-administrator','access-user'),('User','access-user'),('super-administrator','allow-access-backend'),('super-administrator','allow-gridview-export'),('super-administrator','can-delete-profile'),('super-administrator','profile-full-access'),('rbac-full-access','rbac-assign-permission'),('super-administrator','rbac-assign-permission'),('super-administrator','rbac-full-access'),('super-administrator','user-full-access');

/*Table structure for table `tbl_auth_rule` */

DROP TABLE IF EXISTS `tbl_auth_rule`;

CREATE TABLE `tbl_auth_rule` (
  `name` varchar(64) COLLATE utf8_unicode_ci NOT NULL,
  `data` blob,
  `created_at` int(11) DEFAULT NULL,
  `updated_at` int(11) DEFAULT NULL,
  PRIMARY KEY (`name`)
) ENGINE=InnoDB DEFAULT CHARSET=utf8 COLLATE=utf8_unicode_ci;

/*Data for the table `tbl_auth_rule` */

/*Table structure for table `tbl_department` */

DROP TABLE IF EXISTS `tbl_department`;

CREATE TABLE `tbl_department` (
  `department_id` int(11) NOT NULL AUTO_INCREMENT,
  `department_name` varchar(100) DEFAULT NULL,
  `department_desc` varchar(255) DEFAULT NULL,
  PRIMARY KEY (`department_id`)
) ENGINE=InnoDB DEFAULT CHARSET=latin1;

/*Data for the table `tbl_department` */

/*Table structure for table `tbl_division` */

DROP TABLE IF EXISTS `tbl_division`;

CREATE TABLE `tbl_division` (
  `division_id` int(11) NOT NULL AUTO_INCREMENT,
  `code` varchar(20) NOT NULL,
  `name` varchar(200) NOT NULL,
  PRIMARY KEY (`division_id`)
) ENGINE=InnoDB AUTO_INCREMENT=12 DEFAULT CHARSET=latin1;

/*Data for the table `tbl_division` */

insert  into `tbl_division`(`division_id`,`code`,`name`) values (1,'ORD','Office of the Regional Director'),(2,'FASS','Finance and Administrative Support Services'),(4,'FOS','Field Operations Services'),(11,'TS','Technical Services');

/*Table structure for table `tbl_division_head` */

DROP TABLE IF EXISTS `tbl_division_head`;

CREATE TABLE `tbl_division_head` (
  `division_head_id` int(11) NOT NULL AUTO_INCREMENT,
  `division_id` int(11) NOT NULL,
  `user_id` int(11) NOT NULL,
  PRIMARY KEY (`division_head_id`),
  KEY `division_id` (`division_id`),
  KEY `user_id` (`user_id`),
  CONSTRAINT `tbl_division_head_ibfk_1` FOREIGN KEY (`division_id`) REFERENCES `tbl_division` (`division_id`),
  CONSTRAINT `tbl_division_head_ibfk_2` FOREIGN KEY (`user_id`) REFERENCES `tbl_user` (`user_id`)
) ENGINE=InnoDB DEFAULT CHARSET=latin1;

/*Data for the table `tbl_division_head` */

/*Table structure for table `tbl_expenditure` */

DROP TABLE IF EXISTS `tbl_expenditure`;

CREATE TABLE `tbl_expenditure` (
  `expecditure_id` int(11) NOT NULL AUTO_INCREMENT,
  `name` varchar(100) NOT NULL,
  `code` varchar(50) NOT NULL,
  PRIMARY KEY (`expecditure_id`)
) ENGINE=InnoDB DEFAULT CHARSET=latin1;

/*Data for the table `tbl_expenditure` */

/*Table structure for table `tbl_expense_class` */

DROP TABLE IF EXISTS `tbl_expense_class`;

CREATE TABLE `tbl_expense_class` (
  `expecditure_class_id` int(11) NOT NULL AUTO_INCREMENT,
  `expenditureId` int(11) NOT NULL,
  `name` varchar(200) NOT NULL,
  `classCode` varchar(20) NOT NULL,
  PRIMARY KEY (`expecditure_class_id`)
) ENGINE=InnoDB DEFAULT CHARSET=latin1;

/*Data for the table `tbl_expense_class` */

/*Table structure for table `tbl_imagemanager` */

DROP TABLE IF EXISTS `tbl_imagemanager`;

CREATE TABLE `tbl_imagemanager` (
  `id` int(10) unsigned NOT NULL AUTO_INCREMENT,
  `fileName` varchar(128) NOT NULL,
  `fileHash` varchar(32) NOT NULL,
  `created` datetime NOT NULL,
  `modified` datetime DEFAULT NULL,
  `createdBy` int(10) unsigned DEFAULT NULL,
  `modifiedBy` int(10) unsigned DEFAULT NULL,
  PRIMARY KEY (`id`)
) ENGINE=InnoDB AUTO_INCREMENT=30 DEFAULT CHARSET=utf8;

/*Data for the table `tbl_imagemanager` */

insert  into `tbl_imagemanager`(`id`,`fileName`,`fileHash`,`created`,`modified`,`createdBy`,`modifiedBy`) values (21,'DOST-XI.jpg','_6l0KmBXSf-N66ifLeIHLsCrv01Jj7jh','2018-01-15 16:41:37','2018-01-15 16:41:37',NULL,NULL),(22,'ab0551ea9fa84e128d4c483a04c86d99479e9408.jpg','fSP0soWS9gn3vcEB987TDc6IHIfClpLl','2018-01-15 16:43:37','2018-01-15 16:43:37',NULL,NULL),(23,'c1f44f4d32ce6b10fcb6ec71f292cfa43323ee6c.jpg','LFfWrKffJEgDqdOpxE0als3_E5_PorzR','2018-01-15 16:44:03','2018-01-15 16:44:03',NULL,NULL),(25,'ab0551ea9fa84e128d4c483a04c86d99479e9408_crop_486x507.jpg','cV16OuH8IjljOXQVx5SHh55zAERPT2nj','2018-01-22 13:30:23','2018-01-22 13:30:23',NULL,NULL),(29,'26971913-1546772542043190-774125253-o.jpg','Jn3RHKW2voCPAI_5HJEeXvBDOdZDI35y','2018-01-22 14:23:02','2018-01-22 14:23:02',NULL,NULL);

/*Table structure for table `tbl_industry` */

DROP TABLE IF EXISTS `tbl_industry`;

CREATE TABLE `tbl_industry` (
  `industry_id` int(11) NOT NULL AUTO_INCREMENT,
  `classification` varchar(250) CHARACTER SET latin1 NOT NULL,
  `active` tinyint(1) NOT NULL DEFAULT '1',
  PRIMARY KEY (`industry_id`)
) ENGINE=InnoDB AUTO_INCREMENT=22 DEFAULT CHARSET=latin1 COLLATE=latin1_general_ci;

/*Data for the table `tbl_industry` */

insert  into `tbl_industry`(`industry_id`,`classification`,`active`) values (1,'Agriculture, forestry and fishing',1),(2,'Mining and Quarrying',1),(3,'Manufacturing',1),(4,'Electricity, gas, steam and air-conditioning supply',1),(5,'Water supply, sewerage, waste management and remediation activities',1),(6,'Construction',1),(7,'Wholesale and retail trade; repair of motor vehicles and motorcycles',1),(8,'Transportation and Storage',1),(9,'Accommodation and food service activities',1),(10,'Information and Communication',1),(11,'Financial and insurance activities',1),(12,'Real estate activities',1),(13,'Professional, scientific and technical services',1),(14,'Administrative and support service activities',1),(15,'Public administrative and defense; compulsory social security',1),(16,'Education',1),(17,'Human health and social work activities',1),(18,'Arts, entertainment and recreation',1),(19,'Other service activities',1),(20,'Activities of private households as employers and undifferentiated goods and services and producing activities of households for own use',1),(21,'Activities of extraterritorial organizations and bodies',1);

/*Table structure for table `tbl_line_item_budget` */

DROP TABLE IF EXISTS `tbl_line_item_budget`;

CREATE TABLE `tbl_line_item_budget` (
  `id` int(11) NOT NULL AUTO_INCREMENT,
  `title` varchar(255) NOT NULL,
  `period` varchar(100) NOT NULL,
  `duration` varchar(100) NOT NULL,
  `division_id` int(11) NOT NULL,
  `unit_id` int(11) NOT NULL,
  `project_id` int(11) NOT NULL,
  PRIMARY KEY (`id`)
) ENGINE=InnoDB DEFAULT CHARSET=latin1;

/*Data for the table `tbl_line_item_budget` */

/*Table structure for table `tbl_menu` */

DROP TABLE IF EXISTS `tbl_menu`;

CREATE TABLE `tbl_menu` (
  `id` int(11) NOT NULL AUTO_INCREMENT,
  `name` varchar(128) NOT NULL,
  `parent` int(11) DEFAULT NULL,
  `route` varchar(255) DEFAULT NULL,
  `order` int(11) DEFAULT NULL,
  `data` blob,
  PRIMARY KEY (`id`),
  KEY `parent` (`parent`),
  CONSTRAINT `tbl_menu_ibfk_1` FOREIGN KEY (`parent`) REFERENCES `tbl_menu` (`id`) ON DELETE SET NULL ON UPDATE CASCADE
) ENGINE=InnoDB AUTO_INCREMENT=2 DEFAULT CHARSET=utf8;

/*Data for the table `tbl_menu` */

insert  into `tbl_menu`(`id`,`name`,`parent`,`route`,`order`,`data`) values (1,'Home',NULL,'/site/index',1,NULL);

/*Table structure for table `tbl_message` */

DROP TABLE IF EXISTS `tbl_message`;

CREATE TABLE `tbl_message` (
  `id` int(11) NOT NULL AUTO_INCREMENT,
  `hash` varchar(32) NOT NULL,
  `from` int(11) DEFAULT NULL,
  `to` int(11) DEFAULT NULL,
  `status` int(11) DEFAULT NULL,
  `title` varchar(255) NOT NULL,
  `message` text,
  `created_at` datetime NOT NULL,
  `context` varchar(255) DEFAULT NULL,
  PRIMARY KEY (`id`)
) ENGINE=InnoDB AUTO_INCREMENT=14 DEFAULT CHARSET=utf8;

/*Data for the table `tbl_message` */

insert  into `tbl_message`(`id`,`hash`,`from`,`to`,`status`,`title`,`message`,`created_at`,`context`) values (1,'413de46eb1c6e970e0018752cc663b91',1,2,1,'Test','Testing emai;l','2018-01-12 11:05:13',''),(2,'c161f92cc41ea66b50f668da2f7cbe19',1,2,1,'Test','fggggfgfgfgf','2018-01-12 11:05:47',''),(3,'1745c19267b5aeddcd062048d7ec4912',2,1,1,'Re: Test','OK admin...thanks','2018-01-12 12:02:31',''),(4,'b1f0d2b59640dbacb0e8b6710a9f2df8',2,1,1,'Re: Test','OK admin...thanks','2018-01-12 12:04:38',''),(5,'f33d46bb69f6104b58d1c926bd017f3a',2,1,1,'Re: Test','OK admin...thanks','2018-01-12 12:05:12',''),(6,'3c086e0f7ebf689f790e84b6031b8ab2',2,1,1,'Re: Test','OK admin...thanks','2018-01-12 12:05:34',''),(7,'68470d890b92b328e34ff6d00186c107',2,1,1,'Re: Test','OK admin...thanks','2018-01-12 12:06:05',''),(8,'76314a7c2850538bc488854861b16493',1,2,1,'Re: Test','','2018-01-12 12:42:32',''),(9,'0d10174be52f4d448873193cde61128e',2,1,-1,'Test Multiple messages','<h1>Testing</h1>\r\nThis is a message...','2018-01-12 14:12:06',''),(10,'6eea46ea65b69bdad5ac83df39b3c7c4',2,1,1,'Test Multiple messages','<h1>Testing</h1>\r\nThis is a message...','2018-01-12 14:13:43',''),(11,'5ab804eca05589b676281bcfb956c640',2,5,0,'Test Multiple messages','<h1>Testing</h1>\r\nThis is a message...','2018-01-12 14:13:49',''),(12,'3be914d9a89936a5e03d37317ba1f68f',1,2,2,'testing email','<p>Hi <strong>Jane,</strong></p>\r\n\r\n<p>please click this link&nbsp;<a href=\"https://web.onelab.ph\">OneLab</a></p>\r\n','2018-01-15 16:57:54',''),(13,'2f13dd38c25ca28b5f588af3fb2610c0',2,1,1,'Re: testing email','<p>OK I will</p>\r\n','2018-01-15 16:59:01','');

/*Table structure for table `tbl_message_allowed_contacts` */

DROP TABLE IF EXISTS `tbl_message_allowed_contacts`;

CREATE TABLE `tbl_message_allowed_contacts` (
  `user_id` int(11) NOT NULL,
  `is_allowed_to_write` int(11) NOT NULL,
  `created_at` datetime NOT NULL,
  `updated_at` datetime NOT NULL,
  PRIMARY KEY (`user_id`,`is_allowed_to_write`)
) ENGINE=InnoDB DEFAULT CHARSET=utf8;

/*Data for the table `tbl_message_allowed_contacts` */

/*Table structure for table `tbl_message_ignorelist` */

DROP TABLE IF EXISTS `tbl_message_ignorelist`;

CREATE TABLE `tbl_message_ignorelist` (
  `user_id` int(11) NOT NULL,
  `blocks_user_id` int(11) NOT NULL,
  `created_at` datetime NOT NULL,
  PRIMARY KEY (`user_id`,`blocks_user_id`)
) ENGINE=InnoDB DEFAULT CHARSET=utf8;

/*Data for the table `tbl_message_ignorelist` */

/*Table structure for table `tbl_migration` */

DROP TABLE IF EXISTS `tbl_migration`;

CREATE TABLE `tbl_migration` (
  `version` varchar(180) NOT NULL,
  `apply_time` int(11) DEFAULT NULL,
  PRIMARY KEY (`version`)
) ENGINE=InnoDB DEFAULT CHARSET=utf8;

/*Data for the table `tbl_migration` */

insert  into `tbl_migration`(`version`,`apply_time`) values ('m000000_000000_base',1515723504),('m161028_084412_init',1515723507),('m161214_134749_create_table_tbl_message_ignorelist',1515723508),('m170116_094811_add_context_field_to_tbl_message_table',1515723510),('m170203_090001_create_table_tbl_message_allowed_contacts',1515723511);

/*Table structure for table `tbl_names` */

DROP TABLE IF EXISTS `tbl_names`;

CREATE TABLE `tbl_names` (
  `id` int(11) NOT NULL AUTO_INCREMENT,
  `name` varchar(150) NOT NULL,
  `student_num` varchar(25) NOT NULL,
  `checked_in` tinyint(1) NOT NULL,
  PRIMARY KEY (`id`)
) ENGINE=InnoDB AUTO_INCREMENT=500 DEFAULT CHARSET=latin1;

/*Data for the table `tbl_names` */

insert  into `tbl_names`(`id`,`name`,`student_num`,`checked_in`) values (1,'MELICOR, WILFREDO ROILO','2010-06078',0),(2,'TELMO, MARY LORRAINE DELOS REYES','2006-01092',0),(3,'ABLAO, REYNALDO R.','3000066',0),(4,'ALAWI JR., HASHIM N.','97810',0),(5,'ALEJADO, ALBERT JANITO','98-0516-09B',0),(6,'ANOOS, MARLYN MARIANO','2011-03907',0),(7,'ARASAD, MAJID JALIL','2010-02546',0),(8,'CARBAYAS, RENE V. ','2006-30807',0),(9,'CATONG, MARY GRACE O','2015-04245',0),(10,'DEKIT, LUDIVINA B. ','2005-30120',0),(11,'DELGADO, MAYER ELLO. ','2001-61562',0),(12,'DELOS SANTOS, CECILE SUAIB','2003-00790',0),(13,'DIZON, JEBONI LUCILITA GALANO.','12-141966',0),(14,'DOMINGO, RAYMUND E. ','2006-30818',0),(15,'EDRIS, ARISH-MINA SALASAIN.','2018-04288',0),(16,'ENRIQUEZ, ARMAND S. ','2009345441',0),(17,'ESTIPONA, LOUELL CARLO DELA CRUZ. ','2006-02647',0),(18,'FERNANDEZ, INSIH SONIA S. ','2015-04201',0),(19,'FRANCISCO, JANNET R. ','2004-30867',0),(20,'GALDO, RAQUEL ROSALINE B.','95-0075-22',0),(21,'GANGOSO-GUEVARA, ROSE ARCILLAS.','2018-04331',0),(22,'GRANDE, MARLON CALUSOR.','98-1702-05',0),(23,'HAMIN, SOWAIB E. ','01208-12',0),(24,'HO, ALBASHIERJAN RAVIN E. ','2017-01513',0),(25,'HO, MARIA LUZ C','2017-01514',0),(26,'IGLESIA, JMAR A','2008-00978',0),(27,'INDAL, JAMAEL ADZWAJIN. ','2008-30858',0),(28,'INDAMA, ABEGAIL CARPIO.','2018-04287',0),(29,'JAMA, LIEZL VICOY. ','2014-03557',0),(30,'JIKIRI, ALEXANDER A.','2004-30426',0),(31,'JOLO, MICHAEL MORALES. ','2002-32650',0),(32,'JUMLAIL, JR., ESA HASSAN','2006-01552',0),(33,'KUNTING, AYSHIA FERNANDO','2011-02893',0),(34,'LACBAO, NOVA JANE PUYOS','2006-00661',0),(35,'LEON, NURMIA SAMSON.','2009-30814',0),(36,'LEONIN, GLORY JEAN GENTELIZO.','2002-31702',0),(37,'MADRIAGA JR., JOSE E','2009-31443',0),(38,'MANALO, MICHAEL GO.','2006-02187',0),(39,'MARCIAL, ROEL FRANCISCO.','2006-01980',0),(40,'MOHAMMAD, LEI MADELINE SUCO','2005-01675',0),(41,'RASID, GUIAMAEL ACMAD','2006-30249',0),(42,'RUPINTA, PEDRO JR. P','2003-30674',0),(43,'SERVANDO, VEEJAY RUBARES','2008-30110',0),(44,'TALUBAN, FRANKLIN FEGI','2015-03850',0),(45,'VELEZ, ANALIN TARROZA','2012-03937',0),(46,'VILLARAMA, JIELLZON JAIME T','2001-66503',0),(47,'BOSITO, JENNIFER S','01-04-1731',0),(48,'ABBILANI, BHENJHAN ISMAEL. ','2010-01467',0),(49,'ACADEMIA, KRISTINA LYNN P','2018-03424',0),(50,'ALPHA, EDZMAR S','2013-04390',0),(51,'ALSA, CATHERINE PHILS R. ','01-3205-05',0),(52,'ANNIL, ALKHADAR ALIBASA. ','2016-02322',0),(53,'ANTAO, HASHIM JR. SARAJI. ','2010-02778',0),(54,'ANTONIO, MARY GRACE S','2017-00788',0),(55,'ARAS, APASHRA DELA CRUZ.','2016-02183',0),(56,'AREVALO, BRYAN CHRIST ROCA. ','2013-04193',0),(57,'ARQUIZA, LEAN MONIQUE P.','2006-00074',0),(58,'ARQUIZA, RAPHAEL M. ','2016-02262',0),(59,'ARSA, CLIFORD POLO. ','2018-04262',0),(60,'ASTILLERO, ERIC L. ','2003-02150',0),(61,'BACANG, CYRIES BEJERANO. ','2010-00353',0),(62,'BALBON, JEREMY A. ','2007-31053',0),(63,'BANGCAYA, CRISTILEN B','2007-01724',0),(64,'BELAMIDE, BERNADETTE BUCOY','2003-02155',0),(65,'BELAMIDE, GADMAR MANALO.','2005-01965',0),(66,'BELARMINO JR, DOMINADOR CAETE. ','2013-03000',0),(67,'BIBI, BEVIN MADDIUL.','2014-04239',0),(68,'BOLENG, GLENN LANUZA.','2007-31101',0),(69,'BUENCUCHILLO, JAY-R SALAZAR. ','2010-03755',0),(70,'CADUNGOG, MARIA EDORNE W','2018-03118',0),(71,'CADUNGOG, SEAN W','2008-30522',0),(72,'CAYABYAB, STEPHEN EDWARD MEMORACION','2017-01450',0),(73,'CHAVEZ, DANNA JOYCE P','2017-00263',0),(74,'CONCEPCION, MARY AUDREYROSE CABACCANG','2008-01879',0),(75,'DACANAY, ALVIN ARELLANO','2009-00877',0),(76,'DAGPIN, SOCORRO GRACE M.','2009-31487',0),(77,'DEANG, ALVIN M. ','2006-30790',0),(78,'DEL ROSARIO, MA. ADELINE P.','2017-01421',0),(79,'DELA CRUZ, MARK ANTHONY SANGRADOR.','03195-15',0),(80,'DUCO, KIMBERLY P','2017-00060',0),(81,'DUMABOC, JENNILYN S. ','00-00-675',0),(82,'DURAN, RICSIL BAYNOSA','2016-02305',0),(83,'ECHEVERRIA, D\'FERNANDO ABITRIA','2018-04175',0),(84,'ELEUTERIO, CYRIL OKAY.','2005-00938',0),(85,'ELIZARDE, JUNNEA MARAH LOZADA','2013-01637',0),(86,'ELLE, VACK RYAN T. ','2018-02672',0),(87,'ENESANDO, CRISTINE JADE JULIAN.','2010-01693',0),(88,'EROY, MARY CLAIRE SAMONTE','2016-01050',0),(89,'ESPERAT, JOSE LOUIS BOLIVER','2014-04080',0),(90,'ESPINOSA, JAMES ROSELIH HAYRE. ','2015-04061',0),(91,'ESTRADA, RENWICK ELEMIA.','2011-00359',0),(92,'EUGENIO, MARYROSE M.','2005-00859',0),(93,'FRANCISCO, GEORGINA C','2017-01363',0),(94,'FUNES, JHOANNA MARIE M.','2015-04205',0),(95,'GACIS, UMARKHALID RICOHERMOSO.','2018-03656',0),(96,'GAID, JOSEPH CALVIN C','2002-01645',0),(97,'GARCIA, EMARIE FAITH CONSTANZA','2012-00019',0),(98,'GARCIA, LIZEL FRANCISCO','99-0405-13',0),(99,'GEONZON, PATRICK KENNETH STA. TERESA. ','2017-01456',0),(100,'GUILLO, NIA OZETTE ENRIQUEZ.','2018-04059',0),(101,'GUNDOY, RONNEL B. ','275005',0),(102,'GURREA, IDO MARK M','2003-02508',0),(103,'HAMJA, FERMIN J','2017-01479',0),(104,'HARIS, SHELINA JUBAIL.','2018-03979',0),(105,'IMRAN, RAHIMA ABDULMANNAN.','2013-01661',0),(106,'JALON-FRANCISCO, ERLYN ROSAL. ','00-2914-05',0),(107,'JAVIER, VIRA GRACE D.','2010-02680',0),(108,'JAWADIL-SALIH, MARLINA ABDURAHMAN. ','2014-04145',0),(109,'JAWALI, DEANSIVAL DAHALAN. ','2018-04006',0),(110,'JUHAN, ABDURAHMAN A','01-3589-05',0),(111,'KAMLIAN, JIBRIEL B. ','2016-02250',0),(112,'LABRADOR, MONALEA ALDE. ','2018-04263',0),(113,'LAHAMAN, EMERISSA JANE B.','2007-00194',0),(114,'LAMATA, RONALD SAN JUAN. ','2008-02620',0),(115,'LEDESMA, AILENE INDUS.','2013-04312',0),(116,'LING, PSALM AGUILAR.','2018-04062',0),(117,'LINHUA, BRYAN T. ','2016-02265',0),(118,'MACATANGAY, JOANNA MARIE A','2018-03351',0),(119,'MANGANOHOY, JUNIEBE LAQUINON','2010-01508',0),(120,'MANHUYOD, JOVEN MARK V. ','01-3151-05',0),(121,'MANLINCON, RICHARD EIJANSANTOS.','2004-02902',0),(122,'MARINAY, JANE SOMOSO. ','2014-04081',0),(123,'MATLIH, JAWADA YACOB','2012-00077',0),(124,'MORATALLA, ARIS D.','99-230005',0),(125,'MORTE, DYNE MARK BANJAO','2009-00631',0),(126,'MUNAP, ZAINAB HASSAN.','2018-04283',0),(127,'MUSIL, LILY ROSE L.','00-1697-12',0),(128,'NACHOR, SHERRYL V','98-3058-03',0),(129,'NATIVIDAD, MARK Y','2013-04123',0),(130,'NULJID, DIMAANO MASBATI. ','2005-01134',0),(131,'OLMILLO, HUBERT E. ','286405',0),(132,'ORACOY, MARIEL PONCIE MANALO. ','2012-01067',0),(133,'PONCE, DHARA MAY TACA','2016-02210',0),(134,'QUINTO, MA. RODORA A','2004-00229',0),(135,'RAESES, REABELLE R','2007-02316',0),(136,'ROSOS, DOMINGO JR TATOY. ','2014-03528',0),(137,'SACLOT, SHELENE U. ','2008-01900',0),(138,'SALIP AKARAB, DARWISA B.','2015-04204',0),(139,'SANAANI, DARNISHA HADJULA.','2018-04052',0),(140,'SARIO, DANIA AMPOROK.','2018-04108',0),(141,'SEBASTIAN, JONALANE GARCIA. ','2018-04284',0),(142,'SEDANO, FELIX B. ','2015-04066',0),(143,'SERDEA, CHARMIN AIRA GARCIA. ','2018-04043',0),(144,'SERRA, HAZEL ELENTORIO','2008-00349',0),(145,'SULASULA, JOSEPHINE L.','2015-04181',0),(146,'TAWASIL, MOH. ERSHAD J','98-3146-03',0),(147,'TORIBIO, NERISSA ELLENN ARCILLAS','2008-00144',0),(148,'TORRES, JOAN S.','2017-01386',0),(149,'TRILLANES, STEPHEN F. ','2002-00963',0),(150,'TROPEZADO, MARIA CARISSA PATINO. ','2015-03765',0),(151,'TUBILAG, JANICE BALLON','2005-02387',0),(152,'VALERIO, ALDRIN SEBASTIAN','2014-00140',0),(153,'VALERIO, JOSEPH ARDEN P. ','2016-02245',0),(154,'VILLAESCUSA, IGNACIO F. ','2013-04326',0),(155,'VILLANO, RONALD CSZAR FABIAN.','2008-00176',0),(156,'VILLON, ERIC G.','2016-02338',0),(157,'YAO, IVAN JOHN L.','2016-02247',0),(158,'ACUA, ELWICK PAULINO','2005-00378',0),(159,'AMIL, NURLINDA AJIJUL. ','2018-03501',0),(160,'ASJUDI, MUSAYFA B. ','2009-30665',0),(161,'BURLASA, MERCEVEL SERNA. ','01-2055-10',0),(162,'CABILES, CHRISTIAN SAM M. ','98-1860-05',0),(163,'CABUGSA, JENNELIE D. ','2009-00705',0),(164,'CRUZ, RAYCEL-ANN PAGAYONAN','2016-01020',0),(165,'DURAN, ANTONIELLE TAPULAYAN. ','2005-00217',0),(166,'MANULONG, VALERIANO JR. ENRIQUEZ. ','01191-12',0),(167,'NURULLA, KEREN AISHAH DELOS REYES. ','2016-01116',0),(168,'PEREZ, JEFFREY BENGCOLADO.','2016-00871',0),(169,'SABELLANO, DARLANE ANTONIO','2006-30104',0),(170,'SOTTO, JOHN NICKO PELISAN','2007-00580',0),(171,'TAGO, OVYM COSTAERO. ','2016-01104',0),(172,'TARROZA, ROMEL RAMIREZ.','2002-31362',0),(173,'TORINO, CAROLYN MANLIGUEZ','99-2078-05',0),(174,'TORINO, MICHAEL DANGASE.','98-1676-05',0),(175,'ABELLA, MANUEL DANIEL H','2011-03361',0),(176,'AGRAVIADOR, VALERIE UY.','2008-01385',0),(177,'AGUIRRE, EDZEL ALAP-AP.','2012-00009',0),(178,'AHALUL, AL-MUSAYEED USBAN.','2013-03163',0),(179,'ALEJANDRO, MARK JAYVIE RUBIO.','2015-03510',0),(180,'ALONZO, GENECIS GEMAR','2006-00803',0),(181,'AMPANG, GRACIELA A. ','2018-03499',0),(182,'ANTONIO, MARIXEL N. ','2017-00070',0),(183,'ANTONIO, RODOLFO SONNY JR. VITORIO.','2012-03463',0),(184,'ARAK, ALLEN V','2007-30647',0),(185,'ARAK, CHRISTINE V','2017-00080',0),(186,'ATILANO, VILMA FRANCISCO','2007-00659',0),(187,'AURESTILA, MARISON A','2018-03324',0),(188,'BASILIO, CZHARINA MAE PEREZ.','2018-03607',0),(189,'BATISLA-ON, ROBERT JOHN V. ','2018-02909',0),(190,'BAUTISTA, ERA AUGIE MOLINA.','2016-01058',0),(191,'BERHAY, ROXANNE A','2017-00455',0),(192,'BERZA, MARK FREDERICK F','2009-02162',0),(193,'BOHOLST, KRISTINE ANNE MARATA.','2018-04298',0),(194,'BUTLANGAN, ALIA A.','2017-00687',0),(195,'CABIARA, OLIVER T.','01-04-1813',0),(196,'CABILIN, FRITZIE LYNN T','2017-00743',0),(197,'CATIGDIG, JERYL MAY ELLOREN.','2007-02043',0),(198,'CIMAFRANCA, EMEREEN FLORES. ','2018-03896',0),(199,'COVARRUBIAS, BRYAN B','2018-02910',0),(200,'CRUZ, JERWIN VERGEL FERNANDEZ.','2015-03872',0),(201,'CUSTODIO, GLENDA B','2017-01382',0),(202,'DALAGUIT, CHRISTIAN EARL LIM','2018-03967',0),(203,'DELA CRUZ, KATHREENA LOUISE CANDIDO','2017-01056',0),(204,'DELA CRUZ, KRUSETTE SINGZON','2008-00908',0),(205,'DELA CRUZ, OLIVIA BALISALISA.','2017-01406',0),(206,'DELOS REYES, CLAIRE BARRERA.','2008-02421',0),(207,'DIGAMON, NICOLE GEM R','2017-00071',0),(208,'DONATO, KARLMAY GARCIA. ','2017-00799',0),(209,'DUMAS, JOELLE REGIDOR. ','2013-00562',0),(210,'EDDING, MOYABIN B.','2010-04096',0),(211,'EMOCLING, KRIZIAMAE T','2017-00072',0),(212,'ENRIQUEZ, AILEEN V. ','2018-03349',0),(213,'ENRIQUEZ, DANICA ROSE TABUENA','2012-00230',0),(214,'ESTERO, ROWENA L. ','2005-31502',0),(215,'FLORES, ANGELIQUE MACROHON. ','2016-00901',0),(216,'FLORES, ERIKA EUNICE B. ','2017-01471',0),(217,'FONOLLERA, ALEXIS A.','2013-04097',0),(218,'GARCIA, MARITESS VILLAMIL.','2006-00470',0),(219,'GUEVARRA, JONATHAN B. ','2007-02068',0),(220,'HERNANDEZ, JANES VILLE PACSUDAN.','2018-04224',0),(221,'IBANEZ, HETHEL JEANETTE J','2018-02577',0),(222,'ITURRALDE, MARILYN HERRERA.','2006-30591',0),(223,'JADA, NELIDA AMILASAN','2013-03057',0),(224,'JUMALA, SUELYN KANDILING.','2012-03342',0),(225,'JUMDAIN, ALCAFF AGGA. ','2018-04106',0),(226,'KARAGDAG, KIMBERLYN BOCALIG','2016-01159',0),(227,'KATIPUNAN, JOAN A. ','2017-01404',0),(228,'LACHICA, JAURES B. ','2007-01038',0),(229,'LAO, LILA ANDREA TAN.','2017-00454',0),(230,'LUMOSAD, MARITES C. ','2005-30127',0),(231,'MAADIL, FATHIMA SHENASHELLE S','2015-03885',0),(232,'MARBAN, JOVITO JR. H. ','2018-02578',0),(233,'MARIANO, CARLO RODRIGO B.','99-3196-03-s',0),(234,'MARTINEZ, JAYZEE DARLYN P.','2017-01353',0),(235,'MARTINEZ, JULIE ANN P.','2018-03398',0),(236,'MAS-SALAPUDDIN, LARALEE HICKS.','2017-01403',0),(237,'MIRANDA, CELESTIAL JOY A','2018-02516',0),(238,'MIRANDA, KAYE CRYSTAL ATILANO','2016-02326',0),(239,'MORAN, GUENEVERE MANDIN.','2017-01208',0),(240,'MOSQUISA, MAUREEN JANE A.','2017-00177',0),(241,'MUHAJIRAN, AHMADZJAN L','2017-00714',0),(242,'MUSTAFA, ISHAHARA ASGALI.','2008-00931',0),(243,'NATIVIDAD, GLAIZA C.','2006-01767',0),(244,'NEE, CLARISA ','2017-01511',0),(245,'OLIVEROS, AEILAH MAE TATIL.','2016-00616',0),(246,'PALENCIA, FLORDELIZ MAY L.','2013-04101',0),(247,'PAMPORA, KRISTELLE B','2018-03350',0),(248,'PARAISO, KAYCY LYNN DOMINGO','2015-03737',0),(249,'PINEDA, AIGENE F.','2017-00176',0),(250,'PIOQUINTO, RODERIC TADIAM','2011-03783',0),(251,'POLIGRATES, FLORIE MAE STO. TOMAS. ','2017-01390',0),(252,'PULIDO, HENESSY M.','2018-02476',0),(253,'REYES, DEARLY MAE P. ','2018-03305',0),(254,'RODRIGUEZ, CLAIRE G. ','2018-03897',0),(255,'SANTIAGO, JAMESON S.','2005-30133',0),(256,'SIGLOS, SHEENA BUANTE.','2018-03681',0),(257,'SOYME, EDDEN M.','2017-00061',0),(258,'TABAQUERO, YVY KEREN A.','2009-00992',0),(259,'TABIEN, JAY LANCE VIDAL. ','2018-03895',0),(260,'TAN, ALDRICH C.','2018-03241',0),(261,'TAN, ROSELLE AMPATIN','2003-00654',0),(262,'TARADJI, SHEENA SAIRA MODILLAS','2011-00443',0),(263,'TAROY, MARLYN B','2017-00142',0),(264,'TERO, ARIEL B. ','2017-01369',0),(265,'TERO, SANDRA TAN.','2017-01370',0),(266,'TINAPUNAN, LEONARDO B','2003-01513',0),(267,'VILLANUEVA, MAINE MAGSINO.','2016-01042',0),(268,'YUSOP, SHERIAN JILHANO.','2018-03776',0),(269,'ARANETA, MICHELLE ANGELA DELOS REYES.','2011-03963',0),(270,'PABLO, FLORAMAE','98-2658-03',0),(272,'WONG, REYNALDO ONG','2014-04162',0),(273,'ALHINDAWI, MARYJOY B','2018-02445',0),(274,'MANNAN, SALI SAWADJAAN','2018-03901',0),(275,'ABDULMAJID, MOHAMMAD MURSHID ALFAD.','2010-01132',0),(276,'ABDURAHMAN, ASANUL ISNANG','2012-02669',0),(277,'ABOUT, REGINE G. ','2009-01789',0),(278,'ABUBAKAR, RHUZAIMA CAMLIAN','2006-30880',0),(279,'ACOMPANIADO, MITZ LEAH E','2008-02149',0),(280,'AIYUB, TASMINA A','2018-02997',0),(281,'AJAN, YSHMAEL A','01-1814-12',0),(282,'AMIK, HANIEH MAE T.','2017-01343',0),(283,'AMORES, MARY ALBEE SUAREZ','2018-03774',0),(284,'ANWAR, MOHAMMAD RAVEEN SAID.','2012-02778',0),(285,'ARCILLA, ALBERT F','2004-02090',0),(286,'BALENSUJE, LEAH FE M.','2009-02968',0),(287,'BARJA-TANDING, MARIA ENNA G.','2017-01402',0),(288,'BARRERA, KATELYN M.','2017-01356',0),(289,'BAUTISTA, EDITO JR. M. ','2003-01840',0),(290,'BENDANILLO, ROSEMARIE M. ','2018-03397',0),(291,'BERNARDO, MAY P','2018-03379',0),(292,'BONDAD, JOEMARK C. ','2017-01176',0),(293,'BROWN, LEE PATRICK VERZOSA.','2012-00424',0),(294,'CALUNOD, ROSE-AN ODTOHAN.','2012-00123',0),(295,'CANSECO, KRISZEL MACAHILOS. ','2005-02217',0),(296,'CARO, HAZEL BAZAN. ','2010-00586',0),(297,'CARRILLO, REY KARLO A','2017-00068',0),(298,'CARTAGENA, RODOLFO II B','2004-30418',0),(299,'CHAVEZ, JEANETTE M','2017-00791',0),(300,'CHIONG, RAHIEMA D','2017-00069',0),(301,'CRUZ, EDDIE ALBERT ARAEZ','2005-31504',0),(302,'DAMAHAN, SHAADA BABY T','01-3112-05',0),(303,'DARUNDAY, LEA PELIN.','2017-00112',0),(304,'DAUD, AHMAD RUGASAN TAHA.','2016-02095',0),(305,'DEYPALUBOS, EDELYN DE JESUS.','2017-00744',0),(306,'DIGNADICE, LEO B. ','99-2138-05',0),(307,'DOMINGO, NICHOLYN TORRES. ','2012-00672',0),(308,'DOROJA, RAYNY LOUISE V.','2018-02443',0),(309,'DRAPIZA, ABRAM ALJON DE VILLA.','2017-01468',0),(310,'DUTERTE, FRANCEEN-ANGELI A','2015-04083',0),(311,'EDDING, NORBI JR. B.','2018-02508',0),(312,'ELLE, JOHN REY TIQUEL.','2013-02289',0),(313,'ENRIQUEZ, ALVIN SIGARRA','2017-01355',0),(314,'FLORA, GRACHELLE HO','2012-03653',0),(315,'FRANCISCO, ANALIE SALVADOR','2009-02306',0),(316,'FRANCISCO, MARY ANN ITONG. ','98-1633-05',0),(317,'GANTALAO, LEA ROSE DC.','2017-00790',0),(318,'GO, ARNEL SAAVEDRA. ','2018-04339',0),(319,'GODINEZ, ARIANN DUMAPIAS. ','2005-01446',0),(320,'GRANADA, MARIA ERNESTINA APELO.','2018-04314',0),(321,'GUANZON, RIZALINA D','2002-32526',0),(322,'GUEVARRA, AILYN R.','2011-03848',0),(323,'HASSAN, EVALYN G.','02-171974',0),(324,'HASSAN, FRAZEL SUMONDONG','2010-00446',0),(325,'HOSSEINI, IVY M. ','98-1906-05',0),(326,'IKLAMAN, MUAWIDZ M. ','2012-02942',0),(327,'ITOK, ISNIJAM I. ','2015-04082',0),(328,'IZQUIERDO, MARTINA JUMAANI','2013-00078',0),(329,'JALON, KERSTINE RHOANNE C.','2011-03669',0),(330,'JHOVEL, HANA K. ','2009-01183',0),(331,'JULASMAD, BHENZARL D.','2002-01322',0),(332,'KADIL, AL-AMEEN U','2007-02124',0),(333,'LAJARATO, INDIRA H.','00-2680-05',0),(334,'LANDINGIN, RIO LIMBA','2006-01590',0),(335,'LEE, JOY P. ','2011-03905',0),(336,'LEE, MICHELLE ARMENIA L.','2017-01344',0),(337,'LIM, AL SHERADZE MAMMAH. ','2017-01466',0),(338,'MACASU, WADZNA H','2005-02452',0),(339,'MADISA, TIMHAR Y.','9812741205',0),(340,'MAG-ASO, MA. THESA A.','2017-01379',0),(341,'MAGALLON, REGINE BONGCASAN.','2009-30344',0),(342,'MAGDUGO, ARBEN E.','00-0658-01',0),(343,'MANAYA, JEASON R.','2008-01378',0),(344,'MENDOZA, ALBBEE KENT CANDIDO.','2010-01785',0),(345,'MONAYA, CARL JEFFERSON D','2017-01487',0),(346,'MOSQUISA, MARY GRACE R. ','2015-04080',0),(347,'MUNAP, HAYDEL ASULA. ','2013-02087',0),(348,'NAVARRETE, KRISTINE ANNE DOROJA.','2011-01578',0),(349,'NURANI, ABDULGHAN JUMMA. ','2018-03775',0),(350,'OH, CARMELA JOYCE M. ','2017-01467',0),(351,'PABLO, JASMEN J. ','98-1682-05',0),(352,'PACESOLA, REGINA DELA VIDA.','2006-02603',0),(353,'PAMOTONGAN, ROCHELLE S','2017-00190',0),(354,'PANGANIBAN, MA. DONABEL T.','2005-30884',0),(355,'PAZ, EFFIE MAE O.','2018-02535',0),(356,'POLIDARIO, JERIEMAY C. ','2006-01531',0),(357,'QUINTO, MANUEL A. ','2018-03117',0),(358,'RAMOS, RENELA SABORNIDO. ','2018-04223',0),(359,'RASDI, ALRAIZ ALHABSI. ','2006-00799',0),(360,'RASUL, MARIA MYLA G.','2016-02181',0),(361,'RASUL, YUSOF G. ','2005-00738',0),(362,'RIVERA JR., RAUL RUBEN ROJAS','2015-03863',0),(363,'ROBANTE, JEVELYN P','2018-03516',0),(364,'SAAVEDRA, RJ-CARL RAS','2018-02441',0),(365,'SAKILI, ALVENER HASIM.','2011-00289',0),(366,'SALAPUDDIN-AJIBON, RABIA AUNAL','2011-03483',0),(367,'SALAZAR, KIMLYN ASAMLI.','2004-30042',0),(368,'SALI, AL-ARBASH SALIPATAN. ','2011-01195',0),(369,'SALVACION, JOSE GABRIEL BLANCO. ','2017-00105',0),(370,'SANTOS, GARRY V.','2015-04156',0),(371,'SAPAIH, FAIZAL A. ','97-1152-05',0),(372,'STA.TERESA, JULIE ANN SOLANO','2017-00585',0),(373,'TABILON JR, CLIMBROS CASIMIRO. ','2010-01480',0),(374,'TACLAS, EZRA F. ','2008-01149',0),(375,'TAGON, PRINCE ANTHONY F','2004-01044',0),(376,'TAPSI, ZULPATRA A. ','2002-32127',0),(377,'TORRES, LUCIVEL CARRILLO','2018-04199',0),(378,'TRUMATA, LORD ANNGEORY V. ','2005-00694',0),(379,'TUBLE, TIMOTHY TRENT T','2018-03383',0),(380,'TUPAY, MEDINA M.','2017-01132',0),(381,'ULAMA, SHAJID A.','2006-31026',0),(382,'UMABONG, ADAWEYA JAWALI. ','2013-01713',0),(383,'YAP-AIZON, GRACIELLE PILAR TORRES. ','2012-01212',0),(384,'YUSAH, JOWENA L. ','2018-03309',0),(385,'BAUTISTA, CRISLIFAMOR IDRIS','2013-02232',0),(386,'ABATO, ALYSSA JEHAN KULONG. ','2012-00601',0),(387,'ABDUHARI, BARSISA HUSSIEN.','2017-01031',0),(388,'ABDULMAJID, ELNIZAL J.','2017-00273',0),(389,'ABUBAKAR, ALCHWARIZMI BALAHIM. ','2012-00185',0),(390,'ABUJOS, MAYETH LUZ GUMERA.','2004-30110',0),(391,'ACUA, ARONA KALE CARVAJAL.','2013-00336',0),(392,'ALCANTARA, VILMA S','2017-00792',0),(393,'APOSTOL, RICHELLE JANE DUPLA. ','2011-01255',0),(394,'ARQUIZA, TIMOTHY E. ','00-4094-03',0),(395,'ASMAD, JILMA H. ','2002-00751',0),(396,'BAIT-IT, KAREN OZELLE SALUDARES.','2009-01369',0),(397,'BARTOLOME, ROSSETTE UC-KUNG','2013-02095',0),(398,'BAYARON, NAPOLEON T','2003-30076',0),(399,'BENITEZ, LORDINA M. ','2006-01533',0),(400,'CABATUAN, BETTY JANE SAAVEDRA','03141-15',0),(401,'CABRAL, KATHLEEN MAE DE ASIS','2008-02083',0),(402,'CAMBONGA, ROEL UROT.','2017-00467',0),(403,'CARBA, MA. CRISTINA C. ','2007-00046',0),(404,'CATUBIG, JEROME NICHOLAS ENRIQUEZ','2010-01377',0),(405,'CHIONG, MARIANNE ACAS.','2018-03612',0),(406,'CONCEPCION, ROXELLE MARI JUATON.','2011-02366',0),(407,'DEL MUNDO, MICHELLE P','2017-00258',0),(408,'ELOPRE, LIEZEL G','2005-01492',0),(409,'FERNANDO, ANESTY B.','2018-03375',0),(410,'FONOLLERA, URIS A','2017-00101',0),(411,'GACO, ALFREDO PAPAS.','2016-00615',0),(412,'GARCIA, MARIE HAZEL MADRAZO.','2010-03134',0),(413,'IKLAMO, JUDYMAN JAMALUL. ','2010-03442',0),(414,'IYOG, LEAYZA CARREON','2010-01831',0),(415,'JABEL, RAMON RODRIGUEZ. ','2018-04196',0),(416,'JAFAR, NOOR SHEERA A.','2018-03189',0),(417,'JOSE, MICHELLE ARQUIZA. ','2016-00952',0),(418,'KASAN, BENZAR TIMONAN.','2010-00596',0),(419,'KHO, MARIE CAMILLE ROSE A. ','2018-03376',0),(420,'LAGBAS, SHEENA JABAL.','2014-02635',0),(421,'LIMOS, MARY GRACE D. ','2002-00098',0),(422,'MALCAMPO, ABIGAEL T. ','01-04-1810',0),(423,'MANZANO, GRAZEL L. ','2017-00266',0),(424,'NAJIRUL, RHEISA S.','2018-03377',0),(425,'NOBLE-ONG, FATIMA NICOLEI MARI NOVELERO','2008-00847',0),(426,'OGA, ERESSA MAE E','2017-00466',0),(427,'PAJARON, ROGER E.','2003-30513',0),(428,'PASAOL, KATRINA A. ','2005-00673',0),(429,'PELAYO, PORTIA A','2002-31058',0),(430,'PLACIO, EDREN MARK R. ','2010-02459',0),(431,'PORRAS, AUBREY ROSE JANEA','2011-00712',0),(432,'QUIJANO, LALATHAZZOMAR CHAPUNAN','2011-04017',0),(433,'RAMOS, JEAN LEA F','2003-01294',0),(434,'SANSON, CAMILLE ALFARO.','2012-00226',0),(435,'SANTOS, IAN ROY ALBERTO.','2016-02328',0),(436,'SAPLAD, STENELLI GRACE L','2017-00334',0),(437,'SILVESTRE, MAY B.','2005-31356',0),(438,'SOLO, ANGELO MENDOZA. ','2012-02095',0),(439,'TAGA-OC, ALLAN ROMANDE.','2006-30657',0),(440,'TAGIOBON, RONEL S.','2018-03188',0),(441,'TAN, KRYSTAL JOY D','2018-03181',0),(442,'TORRES, RICA MARIE D. ','2004-01047',0),(443,'TUBIL II, MA. ASIE GAALA','2006-00624',0),(444,'VENUS, MICHELLE MANOOP. ','2017-00980',0),(445,'WADJA, ALVAREZ JAINAL.','2018-03606',0),(446,'ABDURAHMAN, JASEM BIN JAIMAR ENGGING','2012-01457',0),(447,'ABDURRAHMAN, AMMERA JALIL. ','2018-04315',0),(448,'ABELLANO, MARIEL MAE ENOC','2010-01474',0),(449,'ADONAY, MARY JANE MAPUTOL. ','2009-30388',0),(450,'AMBIL, SARHA SAGALA.','2010-01406',0),(451,'AMPALAYO, LOVELL KARREN RECABO','2017-00456',0),(452,'ANION, JERYL JAVIER.','2018-04097',0),(453,'BANGUIH, ALBIA AIZA A','2006-02806',0),(454,'BARRETTO, APRIL JANE CHUA.','2017-00314',0),(455,'BIDIN, AMINA MULSID','01-040676',0),(456,'BOLOLATO, MARY-MAY BARRAQUIAS.','99-2072-05',0),(457,'BUANDING, JUVIELYN AKALAL. ','2018-04240',0),(458,'CASTRO, LENJELBEN ENOT.','2018-04272',0),(459,'CLIMACO, ZERITA F. ','2009-31263',0),(460,'CRUZADO, JANINE CLAIRE SANTOS','2017-00317',0),(461,'DIEGO, THELMA E.','2017-01427',0),(462,'ELIAS, AL-RAJEEB ULANGHUTAN.','2018-03905',0),(463,'ESPIRITUSANTO, DANIEL C','2005-01431',0),(464,'GINES, DAISY MARIE T','2017-01380',0),(465,'GREGORIO, ROLIE DITH SABARICOS.','2008-02765',0),(466,'GULAM, FADZLIE M. ','2017-01440',0),(467,'IGNACIO, CHRISTOPHER M.','01-282828',0),(468,'IGNACIO, DIVINA BUCOG.','2003-30224',0),(469,'IMMID, ABMEL INDANAN.','2012-01265',0),(470,'JULWADI, NURSIDA JAMSURI JAMMANG','2018-03859',0),(471,'LACUESTA, MA. CHRISTINE DAGUIO','2018-03728',0),(472,'LAGBAS, LOUELLA FE D.','2017-01418',0),(473,'LAYULA, JULASRIE CHUA. ','2004-01298',0),(474,'LIM, JOHN WARREN LACBAO. ','2018-03795',0),(475,'LINEJAN, NIO NARMEL M. ','2003-00796',0),(476,'MADJILON, EVAN LLOYD LAO.','2018-02635',0),(477,'MANOGURA, CHELSEA JADE CATEQUISTA','2018-04065',0),(478,'MAZALAN, SHARINA A. ','2017-00794',0),(479,'NATIVIDAD, ELEONORA F. ','24320',0),(480,'NATIVIDAD, LARA CARMINA GUEVARA. ','2009-01174',0),(481,'ONG, RIZA MAY TORIBIO.','2017-00315',0),(482,'PANES, JOHN DRAKE MONGCUPA. ','2007-02226',0),(483,'PATIO, ETHEL GRACE LIM','2018-04219',0),(484,'PINGLI, MUHADIR NAING. ','2012-01761',0),(485,'PINILI, RIEZEL MAE ALARCIO.','2010-03454',0),(486,'REYES, DARWIN DONASCO.','2011-00357',0),(487,'RIVERA, OHYINE VALLENA. ','2018-04198',0),(488,'ROSOS, ZARAH DENISE O.','2016-02184',0),(489,'SAKKAM, AINON NAZIYA I.','10211989',0),(490,'SANCHEZ, STEPHANIE JOY CHATTO.','2018-03928',0),(491,'SEBASTIAN, EUGENE JACINTO. ','97-1382-05',0),(492,'SOLAMO, SISIANNE M. ','2005-30047',0),(493,'TABUGARA, MA. KORINA EBOL','2009-00561',0),(494,'TAN, RAFFY ADELTONE N.','2017-01447',0),(495,'TANDOC, ASHRAF PANDAOG.','2003-30826',0),(496,'TEO, NATALIE ROSS C.','263205',0),(497,'VILLAGRACIA, NUR HAMIN ABDULADI.','2005-01685',0),(498,'VILLAREAL, ORLIE R','1321405',0),(499,'ZABALA, CEDRICK SACLOLO','2017-00241',0);

/*Table structure for table `tbl_package` */

DROP TABLE IF EXISTS `tbl_package`;

CREATE TABLE `tbl_package` (
  `PackageID` int(11) NOT NULL AUTO_INCREMENT,
  `PackageName` varchar(100) NOT NULL,
  `icon` varchar(100) DEFAULT NULL,
  `created_at` int(11) NOT NULL,
  `updated_at` int(11) NOT NULL,
  PRIMARY KEY (`PackageID`),
  UNIQUE KEY `PackageName` (`PackageName`)
) ENGINE=InnoDB AUTO_INCREMENT=25 DEFAULT CHARSET=utf8;

/*Data for the table `tbl_package` */

insert  into `tbl_package`(`PackageID`,`PackageName`,`icon`,`created_at`,`updated_at`) values (21,'lab','fa fa-bookmark',1515397499,1515634107),(22,'inventory','fa fa-assistive-listening-systems',1515398542,1515575300),(23,'tagging','fa fa-tag',1515475587,1515575270),(24,'procurement',NULL,1519976243,1519976243);

/*Table structure for table `tbl_position` */

DROP TABLE IF EXISTS `tbl_position`;

CREATE TABLE `tbl_position` (
  `position_id` int(11) NOT NULL AUTO_INCREMENT,
  `code` varchar(20) NOT NULL,
  `name` varchar(50) NOT NULL,
  PRIMARY KEY (`position_id`)
) ENGINE=InnoDB DEFAULT CHARSET=latin1;

/*Data for the table `tbl_position` */

/*Table structure for table `tbl_profile` */

DROP TABLE IF EXISTS `tbl_profile`;

CREATE TABLE `tbl_profile` (
  `profile_id` int(11) NOT NULL AUTO_INCREMENT,
  `user_id` int(11) NOT NULL,
  `lastname` varchar(50) NOT NULL,
  `firstname` varchar(50) NOT NULL,
  `designation` varchar(50) NOT NULL,
  `middleinitial` varchar(50) DEFAULT NULL,
  `division_id` int(11) NOT NULL,
  `unit_id` int(11) NOT NULL,
  `contact_numbers` varchar(100) DEFAULT NULL,
  `image_url` varchar(100) DEFAULT NULL,
  `avatar` varchar(100) DEFAULT NULL,
  PRIMARY KEY (`profile_id`),
  UNIQUE KEY `user_id` (`user_id`),
  KEY `division_id` (`division_id`) USING BTREE,
  CONSTRAINT `tbl_profile_ibfk_1` FOREIGN KEY (`user_id`) REFERENCES `tbl_user` (`user_id`),
  CONSTRAINT `tbl_profile_ibfk_2` FOREIGN KEY (`division_id`) REFERENCES `tbl_division` (`division_id`)
) ENGINE=InnoDB AUTO_INCREMENT=5 DEFAULT CHARSET=utf8;

/*Data for the table `tbl_profile` */

insert  into `tbl_profile`(`profile_id`,`user_id`,`lastname`,`firstname`,`designation`,`middleinitial`,`division_id`,`unit_id`,`contact_numbers`,`image_url`,`avatar`) values (1,1,'Moratalla','Aris','System Administrator','D',11,0,'+639274790425','adm.jpg','c1f44f4d32ce6b10fcb6ec71f292cfa43323ee6c.jpg'),(2,3,'Kazama','Jin','SRS XV','Mishima',2,7,NULL,NULL,NULL),(3,4,'Bueno','Marilyn','Clerk I','Caldito',2,2,NULL,NULL,NULL),(4,5,'Diego','Thelma','Clerk IV','Emata',2,2,NULL,NULL,NULL);

/*Table structure for table `tbl_project` */

DROP TABLE IF EXISTS `tbl_project`;

CREATE TABLE `tbl_project` (
  `id` int(11) NOT NULL AUTO_INCREMENT,
  `code` varchar(50) NOT NULL,
  `name` varchar(100) NOT NULL,
  `description` text NOT NULL,
  PRIMARY KEY (`id`)
) ENGINE=InnoDB DEFAULT CHARSET=latin1;

/*Data for the table `tbl_project` */

/*Table structure for table `tbl_purchase_request` */

DROP TABLE IF EXISTS `tbl_purchase_request`;

CREATE TABLE `tbl_purchase_request` (
  `purchase_request_id` int(11) NOT NULL AUTO_INCREMENT,
  `purchase_request_number` varchar(100) DEFAULT NULL,
  `purchase_request_sai_number` varchar(255) DEFAULT NULL,
  `department_id` int(11) DEFAULT NULL,
  `section_id` int(11) DEFAULT NULL,
  `purchase_request_date` date DEFAULT NULL,
  `purchase_request_saidate` date DEFAULT NULL,
  `purchase_request_purpose` varchar(255) DEFAULT NULL,
  `purchase_request_referrence_no` varchar(100) DEFAULT NULL,
  `purchase_request_project_name` varchar(100) DEFAULT NULL,
  `purchase_request_location_project` varchar(100) DEFAULT NULL,
  `purchase_request_requestedby_id` int(11) DEFAULT NULL,
  `purchase_request_approvedby_id` int(11) DEFAULT NULL,
  PRIMARY KEY (`purchase_request_id`)
) ENGINE=InnoDB DEFAULT CHARSET=latin1;

/*Data for the table `tbl_purchase_request` */

/*Table structure for table `tbl_purchase_request_details` */

DROP TABLE IF EXISTS `tbl_purchase_request_details`;

CREATE TABLE `tbl_purchase_request_details` (
  `purchase_request_details_id` int(11) NOT NULL AUTO_INCREMENT,
  `purchase_request_id` int(11) DEFAULT NULL,
  `purchase_request_details_unit` int(255) DEFAULT NULL,
  `unit_id` int(11) DEFAULT NULL,
  `purchase_request_details_item_description` varchar(255) DEFAULT NULL,
  `item_description` varchar(255) DEFAULT NULL,
  `purchase_request_details_quantity` int(11) DEFAULT NULL,
  `purchase_request_details_price` decimal(10,2) DEFAULT NULL,
  PRIMARY KEY (`purchase_request_details_id`)
) ENGINE=InnoDB DEFAULT CHARSET=latin1;

/*Data for the table `tbl_purchase_request_details` */

/*Table structure for table `tbl_quarter` */

DROP TABLE IF EXISTS `tbl_quarter`;

CREATE TABLE `tbl_quarter` (
  `quarter_id` int(11) NOT NULL AUTO_INCREMENT,
  `quarter` varchar(11) NOT NULL,
  `period_month` varchar(22) NOT NULL,
  PRIMARY KEY (`quarter_id`)
) ENGINE=MyISAM AUTO_INCREMENT=5 DEFAULT CHARSET=latin1;

/*Data for the table `tbl_quarter` */

insert  into `tbl_quarter`(`quarter_id`,`quarter`,`period_month`) values (1,'1st Quarter','January - March'),(2,'2nd Quarter','April - June'),(3,'3rd Quarter','July - September'),(4,'4th Quarter','October - December');

/*Table structure for table `tbl_registration` */

DROP TABLE IF EXISTS `tbl_registration`;

CREATE TABLE `tbl_registration` (
  `id` int(11) NOT NULL AUTO_INCREMENT,
  `name` varchar(150) NOT NULL,
  `student_num` varchar(25) NOT NULL,
  `checked_in` tinyint(1) NOT NULL,
  `gender` int(1) NOT NULL,
  `winner` tinyint(1) NOT NULL,
  PRIMARY KEY (`id`)
) ENGINE=InnoDB AUTO_INCREMENT=528 DEFAULT CHARSET=latin1;

/*Data for the table `tbl_registration` */

insert  into `tbl_registration`(`id`,`name`,`student_num`,`checked_in`,`gender`,`winner`) values (1,'MELICOR, WILFREDO ROILO','2010-06078',1,1,0),(2,'TELMO, MARY LORRAINE DELOS REYES','2006-01092',0,1,0),(3,'ABLAO, REYNALDO R.','3000066',0,1,0),(4,'ALAWI JR., HASHIM N.','97810',1,1,0),(5,'ALEJADO, ALBERT JANITO','98-0516-09B',0,1,0),(6,'ANOOS, MARLYN MARIANO','2011-03907',0,2,0),(7,'ARASAD, MAJID JALIL','2010-02546',1,1,0),(8,'CARBAYAS, RENE V. ','2006-30807',0,1,0),(9,'CATONG, MARY GRACE O','2015-04245',1,2,0),(10,'DEKIT, LUDIVINA B. ','2005-30120',1,2,0),(11,'DELGADO, MAYER ELLO. ','2001-61562',0,1,0),(12,'DELOS SANTOS, CECILE SUAIB','2003-00790',1,2,0),(13,'DIZON, JEBONI LUCILITA GALANO.','12-141966',0,1,0),(14,'DOMINGO, RAYMUND E. ','2006-30818',1,1,0),(15,'EDRIS, ARISH-MINA SALASAIN.','2018-04288',0,1,0),(16,'ENRIQUEZ, ARMAND S. ','2009345441',0,1,0),(17,'ESTIPONA, LOUELL CARLO DELA CRUZ. ','2006-02647',0,1,0),(18,'FERNANDEZ, INSIH SONIA S. ','2015-04201',0,1,0),(19,'FRANCISCO, JANNET R. ','2004-30867',1,2,0),(20,'GALDO, RAQUEL ROSALINE B.','95-0075-22',1,2,0),(21,'GANGOSO-GUEVARA, ROSE ARCILLAS.','2018-04331',0,1,0),(22,'GRANDE, MARLON CALUSOR.','98-1702-05',0,1,0),(23,'HAMIN, SOWAIB E. ','01208-12',1,1,0),(24,'HO, ALBASHIERJAN RAVIN E. ','2017-01513',1,1,0),(25,'HO, MARIA LUZ C','2017-01514',1,2,0),(26,'IGLESIA, JMAR A','2008-00978',1,1,0),(27,'INDAL, JAMAEL ADZWAJIN. ','2008-30858',0,1,0),(28,'INDAMA, ABEGAIL CARPIO.','2018-04287',0,1,0),(29,'JAMA, LIEZL VICOY. ','2014-03557',0,1,0),(30,'JIKIRI, ALEXANDER A.','2004-30426',1,1,0),(31,'JOLO, MICHAEL MORALES. ','2002-32650',0,1,0),(32,'JUMLAIL, JR., ESA HASSAN','2006-01552',0,1,0),(33,'KUNTING, AYSHIA FERNANDO','2011-02893',0,1,0),(34,'LACBAO, NOVA JANE PUYOS','2006-00661',1,2,0),(35,'LEON, NURMIA SAMSON.','2009-30814',1,2,0),(36,'LEONIN, GLORY JEAN GENTELIZO.','2002-31702',0,1,0),(37,'MADRIAGA JR., JOSE E','2009-31443',0,1,0),(38,'MANALO, MICHAEL GO.','2006-02187',1,1,0),(39,'MARCIAL, ROEL FRANCISCO.','2006-01980',0,1,0),(40,'MOHAMMAD, LEI MADELINE SUCO','2005-01675',1,2,0),(41,'RASID, GUIAMAEL ACMAD','2006-30249',0,1,0),(42,'RUPINTA, PEDRO JR. P','2003-30674',0,1,0),(43,'SERVANDO, VEEJAY RUBARES','2008-30110',0,1,0),(44,'TALUBAN, FRANKLIN FEGI','2015-03850',0,1,0),(45,'VELEZ, ANALIN TARROZA','2012-03937',1,2,0),(46,'VILLARAMA, JIELLZON JAIME T','2001-66503',0,1,0),(47,'BOSITO, JENNIFER S','01-04-1731',0,1,0),(48,'ABBILANI, BHENJHAN ISMAEL. ','2010-01467',1,1,0),(49,'ACADEMIA, KRISTINA LYNN P','2018-03424',1,2,0),(50,'ALPHA, EDZMAR S','2013-04390',0,1,0),(51,'ALSA, CATHERINE PHILS R. ','01-3205-05',0,2,0),(52,'ANNIL, ALKHADAR ALIBASA. ','2016-02322',0,1,0),(53,'ANTAO, HASHIM JR. SARAJI. ','2010-02778',1,1,1),(54,'ANTONIO, MARY GRACE S','2017-00788',1,2,0),(55,'ARAS, APASHRA DELA CRUZ.','2016-02183',0,2,0),(56,'AREVALO, BRYAN CHRIST ROCA. ','2013-04193',0,1,0),(57,'ARQUIZA, LEAN MONIQUE P.','2006-00074',0,2,0),(58,'ARQUIZA, RAPHAEL M. ','2016-02262',1,1,0),(59,'ARSA, CLIFORD POLO. ','2018-04262',0,1,0),(60,'ASTILLERO, ERIC L. ','2003-02150',0,1,0),(61,'BACANG, CYRIES BEJERANO. ','2010-00353',0,1,0),(62,'BALBON, JEREMY A. ','2007-31053',1,1,0),(63,'BANGCAYA, CRISTILEN B','2007-01724',1,2,0),(64,'BELAMIDE, BERNADETTE BUCOY','2003-02155',1,2,0),(65,'BELAMIDE, GADMAR MANALO.','2005-01965',1,1,0),(66,'BELARMINO JR, DOMINADOR CAETE. ','2013-03000',0,1,0),(67,'BIBI, BEVIN MADDIUL.','2014-04239',0,1,0),(68,'BOLENG, GLENN LANUZA.','2007-31101',1,1,1),(69,'BUENCUCHILLO, JAY-R SALAZAR. ','2010-03755',0,1,0),(70,'CADUNGOG, MARIA EDORNE W','2018-03118',0,1,0),(71,'CADUNGOG, SEAN W','2008-30522',0,1,0),(72,'CAYABYAB, STEPHEN EDWARD MEMORACION','2017-01450',0,1,0),(73,'CHAVEZ, DANNA JOYCE P','2017-00263',1,2,0),(74,'CONCEPCION, MARY AUDREYROSE CABACCANG','2008-01879',0,1,0),(75,'DACANAY, ALVIN ARELLANO','2009-00877',1,1,1),(76,'DAGPIN, SOCORRO GRACE M.','2009-31487',0,1,0),(77,'DEANG, ALVIN M. ','2006-30790',0,1,0),(78,'DEL ROSARIO, MA. ADELINE P.','2017-01421',1,2,0),(79,'DELA CRUZ, MARK ANTHONY SANGRADOR.','03195-15',1,1,0),(80,'DUCO, KIMBERLY P','2017-00060',1,2,0),(81,'DUMABOC, JENNILYN S. ','00-00-675',0,1,0),(82,'DURAN, RICSIL BAYNOSA','2016-02305',0,1,0),(83,'ECHEVERRIA, D\'FERNANDO ABITRIA','2018-04175',0,1,0),(84,'ELEUTERIO, CYRIL OKAY.','2005-00938',0,1,0),(85,'ELIZARDE, JUNNEA MARAH LOZADA','2013-01637',0,1,0),(86,'ELLE, VACK RYAN T. ','2018-02672',1,1,0),(87,'ENESANDO, CRISTINE JADE JULIAN.','2010-01693',0,1,0),(88,'EROY, MARY CLAIRE SAMONTE','2016-01050',0,1,0),(89,'ESPERAT, JOSE LOUIS BOLIVER','2014-04080',1,1,0),(90,'ESPINOSA, JAMES ROSELIH HAYRE. ','2015-04061',1,1,1),(91,'ESTRADA, RENWICK ELEMIA.','2011-00359',0,1,0),(92,'EUGENIO, MARYROSE M.','2005-00859',0,1,0),(93,'FRANCISCO, GEORGINA C','2017-01363',1,2,0),(94,'FUNES, JHOANNA MARIE M.','2015-04205',0,1,0),(95,'GACIS, UMARKHALID RICOHERMOSO.','2018-03656',0,1,0),(96,'GAID, JOSEPH CALVIN C','2002-01645',0,1,0),(97,'GARCIA, EMARIE FAITH CONSTANZA','2012-00019',0,1,0),(98,'GARCIA, LIZEL FRANCISCO','99-0405-13',0,1,0),(99,'GEONZON, PATRICK KENNETH STA. TERESA. ','2017-01456',1,1,0),(100,'GUILLO, NIA OZETTE ENRIQUEZ.','2018-04059',1,2,0),(101,'GUNDOY, RONNEL B. ','275005',1,1,0),(102,'GURREA, IDO MARK M','2003-02508',1,1,1),(103,'HAMJA, FERMIN J','2017-01479',1,1,0),(104,'HARIS, SHELINA JUBAIL.','2018-03979',1,2,0),(105,'IMRAN, RAHIMA ABDULMANNAN.','2013-01661',1,2,0),(106,'JALON-FRANCISCO, ERLYN ROSAL. ','00-2914-05',0,1,0),(107,'JAVIER, VIRA GRACE D.','2010-02680',0,1,0),(108,'JAWADIL-SALIH, MARLINA ABDURAHMAN. ','2014-04145',0,1,0),(109,'JAWALI, DEANSIVAL DAHALAN. ','2018-04006',0,1,0),(110,'JUHAN, ABDURAHMAN A','01-3589-05',0,1,0),(111,'KAMLIAN, JIBRIEL B. ','2016-02250',0,1,0),(112,'LABRADOR, MONALEA ALDE. ','2018-04263',0,1,0),(113,'LAHAMAN, EMERISSA JANE B.','2007-00194',0,1,0),(114,'LAMATA, RONALD SAN JUAN. ','2008-02620',0,1,0),(115,'LEDESMA, AILENE INDUS.','2013-04312',0,1,0),(116,'LING, PSALM AGUILAR.','2018-04062',0,1,0),(117,'LINHUA, BRYAN T. ','2016-02265',1,1,0),(118,'MACATANGAY, JOANNA MARIE A','2018-03351',1,2,0),(119,'MANGANOHOY, JUNIEBE LAQUINON','2010-01508',0,1,0),(120,'MANHUYOD, JOVEN MARK V. ','01-3151-05',0,1,0),(121,'MANLINCON, RICHARD EIJANSANTOS.','2004-02902',0,1,0),(122,'MARINAY, JANE SOMOSO. ','2014-04081',0,1,0),(123,'MATLIH, JAWADA YACOB','2012-00077',1,2,0),(124,'MORATALLA, ARIS D.','99-230005',0,1,0),(125,'MORTE, DYNE MARK BANJAO','2009-00631',1,1,0),(126,'MUNAP, ZAINAB HASSAN.','2018-04283',0,1,0),(127,'MUSIL, LILY ROSE L.','00-1697-12',0,1,0),(128,'NACHOR, SHERRYL V','98-3058-03',1,2,0),(129,'NATIVIDAD, MARK Y','2013-04123',0,1,0),(130,'NULJID, DIMAANO MASBATI. ','2005-01134',0,1,0),(131,'OLMILLO, HUBERT E. ','286405',1,1,0),(132,'ORACOY, MARIEL PONCIE MANALO. ','2012-01067',0,1,0),(133,'PONCE, DHARA MAY TACA','2016-02210',0,1,0),(134,'QUINTO, MA. RODORA A','2004-00229',1,2,0),(135,'RAESES, REABELLE R','2007-02316',0,1,0),(136,'ROSOS, DOMINGO JR TATOY. ','2014-03528',0,1,0),(137,'SACLOT, SHELENE U. ','2008-01900',0,1,0),(138,'SALIP AKARAB, DARWISA B.','2015-04204',1,2,0),(139,'SANAANI, DARNISHA HADJULA.','2018-04052',1,2,0),(140,'SARIO, DANIA AMPOROK.','2018-04108',0,1,0),(141,'SEBASTIAN, JONALANE GARCIA. ','2018-04284',0,1,0),(142,'SEDANO, FELIX B. ','2015-04066',0,1,0),(143,'SERDEA, CHARMIN AIRA GARCIA. ','2018-04043',0,1,0),(144,'SERRA, HAZEL ELENTORIO','2008-00349',0,1,0),(145,'SULASULA, JOSEPHINE L.','2015-04181',0,1,0),(146,'TAWASIL, MOH. ERSHAD J','98-3146-03',1,1,0),(147,'TORIBIO, NERISSA ELLENN ARCILLAS','2008-00144',0,1,0),(148,'TORRES, JOAN S.','2017-01386',1,2,0),(149,'TRILLANES, STEPHEN F. ','2002-00963',1,1,0),(150,'TROPEZADO, MARIA CARISSA PATINO. ','2015-03765',1,2,0),(151,'TUBILAG, JANICE BALLON','2005-02387',0,1,0),(152,'VALERIO, ALDRIN SEBASTIAN','2014-00140',1,1,1),(153,'VALERIO, JOSEPH ARDEN P. ','2016-02245',1,1,0),(154,'VILLAESCUSA, IGNACIO F. ','2013-04326',0,1,0),(155,'VILLANO, RONALD CSZAR FABIAN.','2008-00176',0,1,0),(156,'VILLON, ERIC G.','2016-02338',0,1,0),(157,'YAO, IVAN JOHN L.','2016-02247',1,1,1),(158,'ACUA, ELWICK PAULINO','2005-00378',0,1,0),(159,'AMIL, NURLINDA AJIJUL. ','2018-03501',1,2,0),(160,'ASJUDI, MUSAYFA B. ','2009-30665',0,2,0),(161,'BURLASA, MERCEVEL SERNA. ','01-2055-10',0,1,0),(162,'CABILES, CHRISTIAN SAM M. ','98-1860-05',1,1,0),(163,'CABUGSA, JENNELIE D. ','2009-00705',0,1,0),(164,'CRUZ, RAYCEL-ANN PAGAYONAN','2016-01020',1,2,0),(165,'DURAN, ANTONIELLE TAPULAYAN. ','2005-00217',0,1,0),(166,'MANULONG, VALERIANO JR. ENRIQUEZ. ','01191-12',1,1,0),(167,'NURULLA, KEREN AISHAH DELOS REYES. ','2016-01116',0,1,0),(168,'PEREZ, JEFFREY BENGCOLADO.','2016-00871',0,1,0),(169,'SABELLANO, DARLANE ANTONIO','2006-30104',1,2,0),(170,'SOTTO, JOHN NICKO PELISAN','2007-00580',0,1,0),(171,'TAGO, OVYM COSTAERO. ','2016-01104',1,2,0),(172,'TARROZA, ROMEL RAMIREZ.','2002-31362',0,1,0),(173,'TORINO, CAROLYN MANLIGUEZ','99-2078-05',0,1,0),(174,'TORINO, MICHAEL DANGASE.','98-1676-05',0,1,0),(175,'ABELLA, MANUEL DANIEL H','2011-03361',0,1,0),(176,'AGRAVIADOR, VALERIE UY.','2008-01385',1,2,0),(177,'AGUIRRE, EDZEL ALAP-AP.','2012-00009',1,2,0),(178,'AHALUL, AL-MUSAYEED USBAN.','2013-03163',0,1,0),(179,'ALEJANDRO, MARK JAYVIE RUBIO.','2015-03510',1,1,1),(180,'ALONZO, GENECIS GEMAR','2006-00803',0,1,0),(181,'AMPANG, GRACIELA A. ','2018-03499',1,2,0),(182,'ANTONIO, MARIXEL N. ','2017-00070',0,2,0),(183,'ANTONIO, RODOLFO SONNY JR. VITORIO.','2012-03463',0,1,0),(184,'ARAK, ALLEN V','2007-30647',0,1,0),(185,'ARAK, CHRISTINE V','2017-00080',0,2,0),(186,'ATILANO, VILMA FRANCISCO','2007-00659',1,2,0),(187,'AURESTILA, MARISON A','2018-03324',1,2,0),(188,'BASILIO, CZHARINA MAE PEREZ.','2018-03607',0,1,0),(189,'BATISLA-ON, ROBERT JOHN V. ','2018-02909',1,1,0),(190,'BAUTISTA, ERA AUGIE MOLINA.','2016-01058',1,2,0),(191,'BERHAY, ROXANNE A','2017-00455',1,2,0),(192,'BERZA, MARK FREDERICK F','2009-02162',0,1,0),(193,'BOHOLST, KRISTINE ANNE MARATA.','2018-04298',0,1,0),(194,'BUTLANGAN, ALIA A.','2017-00687',0,1,0),(195,'CABIARA, OLIVER T.','01-04-1813',1,1,0),(196,'CABILIN, FRITZIE LYNN T','2017-00743',0,1,0),(197,'CATIGDIG, JERYL MAY ELLOREN.','2007-02043',1,2,0),(198,'CIMAFRANCA, EMEREEN FLORES. ','2018-03896',0,1,0),(199,'COVARRUBIAS, BRYAN B','2018-02910',1,1,0),(200,'CRUZ, JERWIN VERGEL FERNANDEZ.','2015-03872',0,1,0),(201,'CUSTODIO, GLENDA B','2017-01382',0,1,0),(202,'DALAGUIT, CHRISTIAN EARL LIM','2018-03967',1,1,0),(203,'DELA CRUZ, KATHREENA LOUISE CANDIDO','2017-01056',1,2,0),(204,'DELA CRUZ, KRUSETTE SINGZON','2008-00908',1,2,0),(205,'DELA CRUZ, OLIVIA BALISALISA.','2017-01406',1,2,0),(206,'DELOS REYES, CLAIRE BARRERA.','2008-02421',1,2,0),(207,'DIGAMON, NICOLE GEM R','2017-00071',0,1,0),(208,'DONATO, KARLMAY GARCIA. ','2017-00799',0,1,0),(209,'DUMAS, JOELLE REGIDOR. ','2013-00562',0,1,0),(210,'EDDING, MOYABIN B.','2010-04096',1,1,1),(211,'EMOCLING, KRIZIAMAE T','2017-00072',0,1,0),(212,'ENRIQUEZ, AILEEN V. ','2018-03349',1,2,0),(213,'ENRIQUEZ, DANICA ROSE TABUENA','2012-00230',1,2,0),(214,'ESTERO, ROWENA L. ','2005-31502',1,2,0),(215,'FLORES, ANGELIQUE MACROHON. ','2016-00901',0,1,0),(216,'FLORES, ERIKA EUNICE B. ','2017-01471',1,2,0),(217,'FONOLLERA, ALEXIS A.','2013-04097',0,1,0),(218,'GARCIA, MARITESS VILLAMIL.','2006-00470',1,2,0),(219,'GUEVARRA, JONATHAN B. ','2007-02068',0,1,0),(220,'HERNANDEZ, JANES VILLE PACSUDAN.','2018-04224',1,2,0),(221,'IBANEZ, HETHEL JEANETTE J','2018-02577',1,2,0),(222,'ITURRALDE, MARILYN HERRERA.','2006-30591',0,1,0),(223,'JADA, NELIDA AMILASAN','2013-03057',1,2,0),(224,'JUMALA, SUELYN KANDILING.','2012-03342',1,2,0),(225,'JUMDAIN, ALCAFF AGGA. ','2018-04106',0,1,0),(226,'KARAGDAG, KIMBERLYN BOCALIG','2016-01159',1,2,0),(227,'KATIPUNAN, JOAN A. ','2017-01404',1,2,0),(228,'LACHICA, JAURES B. ','2007-01038',1,1,1),(229,'LAO, LILA ANDREA TAN.','2017-00454',1,2,0),(230,'LUMOSAD, MARITES C. ','2005-30127',1,2,0),(231,'MAADIL, FATHIMA SHENASHELLE S','2015-03885',0,1,0),(232,'MARBAN, JOVITO JR. H. ','2018-02578',1,1,0),(233,'MARIANO, CARLO RODRIGO B.','99-3196-03-s',0,1,0),(234,'MARTINEZ, JAYZEE DARLYN P.','2017-01353',1,2,0),(235,'MARTINEZ, JULIE ANN P.','2018-03398',1,2,0),(236,'MAS-SALAPUDDIN, LARALEE HICKS.','2017-01403',1,2,0),(237,'MIRANDA, CELESTIAL JOY A','2018-02516',1,2,0),(238,'MIRANDA, KAYE CRYSTAL ATILANO','2016-02326',1,2,0),(239,'MORAN, GUENEVERE MANDIN.','2017-01208',1,2,0),(240,'MOSQUISA, MAUREEN JANE A.','2017-00177',1,2,0),(241,'MUHAJIRAN, AHMADZJAN L','2017-00714',1,1,0),(242,'MUSTAFA, ISHAHARA ASGALI.','2008-00931',0,1,0),(243,'NATIVIDAD, GLAIZA C.','2006-01767',0,1,0),(244,'NEE, CLARISA ','2017-01511',0,1,0),(245,'OLIVEROS, AEILAH MAE TATIL.','2016-00616',0,1,0),(246,'PALENCIA, FLORDELIZ MAY L.','2013-04101',0,1,0),(247,'PAMPORA, KRISTELLE B','2018-03350',1,2,0),(248,'PARAISO, KAYCY LYNN DOMINGO','2015-03737',1,2,0),(249,'PINEDA, AIGENE F.','2017-00176',1,2,0),(250,'PIOQUINTO, RODERIC TADIAM','2011-03783',0,1,0),(251,'POLIGRATES, FLORIE MAE STO. TOMAS. ','2017-01390',1,2,0),(252,'PULIDO, HENESSY M.','2018-02476',0,1,0),(253,'REYES, DEARLY MAE P. ','2018-03305',1,2,0),(254,'RODRIGUEZ, CLAIRE G. ','2018-03897',1,2,0),(255,'SANTIAGO, JAMESON S.','2005-30133',1,1,0),(256,'SIGLOS, SHEENA BUANTE.','2018-03681',0,1,0),(257,'SOYME, EDDEN M.','2017-00061',1,1,1),(258,'TABAQUERO, YVY KEREN A.','2009-00992',0,1,0),(259,'TABIEN, JAY LANCE VIDAL. ','2018-03895',0,1,0),(260,'TAN, ALDRICH C.','2018-03241',1,1,0),(261,'TAN, ROSELLE AMPATIN','2003-00654',1,2,0),(262,'TARADJI, SHEENA SAIRA MODILLAS','2011-00443',1,2,0),(263,'TAROY, MARLYN B','2017-00142',0,1,0),(264,'TERO, ARIEL B. ','2017-01369',1,1,0),(265,'TERO, SANDRA TAN.','2017-01370',1,2,0),(266,'TINAPUNAN, LEONARDO B','2003-01513',1,1,0),(267,'VILLANUEVA, MAINE MAGSINO.','2016-01042',0,1,0),(268,'YUSOP, SHERIAN JILHANO.','2018-03776',0,1,0),(269,'ARANETA, MICHELLE ANGELA DELOS REYES.','2011-03963',0,2,0),(270,'PABLO, FLORAMAE','98-2658-03',0,1,0),(272,'WONG, REYNALDO ONG','2014-04162',0,1,0),(273,'ALHINDAWI, MARYJOY B','2018-02445',1,2,0),(274,'MANNAN, SALI SAWADJAAN','2018-03901',0,1,0),(275,'ABDULMAJID, MOHAMMAD MURSHID ALFAD.','2010-01132',1,1,0),(276,'ABDURAHMAN, ASANUL ISNANG','2012-02669',0,1,0),(277,'ABOUT, REGINE G. ','2009-01789',0,2,0),(278,'ABUBAKAR, RHUZAIMA CAMLIAN','2006-30880',1,2,0),(279,'ACOMPANIADO, MITZ LEAH E','2008-02149',1,2,0),(280,'AIYUB, TASMINA A','2018-02997',0,2,0),(281,'AJAN, YSHMAEL A','01-1814-12',1,1,0),(282,'AMIK, HANIEH MAE T.','2017-01343',1,2,0),(283,'AMORES, MARY ALBEE SUAREZ','2018-03774',1,2,0),(284,'ANWAR, MOHAMMAD RAVEEN SAID.','2012-02778',1,1,0),(285,'ARCILLA, ALBERT F','2004-02090',1,1,0),(286,'BALENSUJE, LEAH FE M.','2009-02968',1,2,0),(287,'BARJA-TANDING, MARIA ENNA G.','2017-01402',0,2,0),(288,'BARRERA, KATELYN M.','2017-01356',1,2,0),(289,'BAUTISTA, EDITO JR. M. ','2003-01840',0,1,0),(290,'BENDANILLO, ROSEMARIE M. ','2018-03397',1,2,0),(291,'BERNARDO, MAY P','2018-03379',0,1,0),(292,'BONDAD, JOEMARK C. ','2017-01176',0,1,0),(293,'BROWN, LEE PATRICK VERZOSA.','2012-00424',0,1,0),(294,'CALUNOD, ROSE-AN ODTOHAN.','2012-00123',0,1,0),(295,'CANSECO, KRISZEL MACAHILOS. ','2005-02217',1,2,0),(296,'CARO, HAZEL BAZAN. ','2010-00586',0,1,0),(297,'CARRILLO, REY KARLO A','2017-00068',0,1,0),(298,'CARTAGENA, RODOLFO II B','2004-30418',0,1,0),(299,'CHAVEZ, JEANETTE M','2017-00791',0,2,0),(300,'CHIONG, RAHIEMA D','2017-00069',0,1,0),(301,'CRUZ, EDDIE ALBERT ARAEZ','2005-31504',0,1,0),(302,'DAMAHAN, SHAADA BABY T','01-3112-05',0,1,0),(303,'DARUNDAY, LEA PELIN.','2017-00112',1,2,0),(304,'DAUD, AHMAD RUGASAN TAHA.','2016-02095',0,1,0),(305,'DEYPALUBOS, EDELYN DE JESUS.','2017-00744',0,1,0),(306,'DIGNADICE, LEO B. ','99-2138-05',1,1,0),(307,'DOMINGO, NICHOLYN TORRES. ','2012-00672',0,1,0),(308,'DOROJA, RAYNY LOUISE V.','2018-02443',0,1,0),(309,'DRAPIZA, ABRAM ALJON DE VILLA.','2017-01468',1,1,0),(310,'DUTERTE, FRANCEEN-ANGELI A','2015-04083',0,1,0),(311,'EDDING, NORBI JR. B.','2018-02508',0,1,0),(312,'ELLE, JOHN REY TIQUEL.','2013-02289',1,1,0),(313,'ENRIQUEZ, ALVIN SIGARRA','2017-01355',1,1,0),(314,'FLORA, GRACHELLE HO','2012-03653',1,2,0),(315,'FRANCISCO, ANALIE SALVADOR','2009-02306',1,2,0),(316,'FRANCISCO, MARY ANN ITONG. ','98-1633-05',0,1,0),(317,'GANTALAO, LEA ROSE DC.','2017-00790',1,2,0),(318,'GO, ARNEL SAAVEDRA. ','2018-04339',1,1,0),(319,'GODINEZ, ARIANN DUMAPIAS. ','2005-01446',1,1,0),(320,'GRANADA, MARIA ERNESTINA APELO.','2018-04314',0,1,0),(321,'GUANZON, RIZALINA D','2002-32526',1,2,0),(322,'GUEVARRA, AILYN R.','2011-03848',1,2,0),(323,'HASSAN, EVALYN G.','02-171974',1,2,0),(324,'HASSAN, FRAZEL SUMONDONG','2010-00446',1,1,0),(325,'HOSSEINI, IVY M. ','98-1906-05',1,2,0),(326,'IKLAMAN, MUAWIDZ M. ','2012-02942',0,1,0),(327,'ITOK, ISNIJAM I. ','2015-04082',0,1,0),(328,'IZQUIERDO, MARTINA JUMAANI','2013-00078',1,2,0),(329,'JALON, KERSTINE RHOANNE C.','2011-03669',0,1,0),(330,'JHOVEL, HANA K. ','2009-01183',0,1,0),(331,'JULASMAD, BHENZARL D.','2002-01322',1,1,0),(332,'KADIL, AL-AMEEN U','2007-02124',1,1,0),(333,'LAJARATO, INDIRA H.','00-2680-05',0,1,0),(334,'LANDINGIN, RIO LIMBA','2006-01590',1,2,0),(335,'LEE, JOY P. ','2011-03905',0,1,0),(336,'LEE, MICHELLE ARMENIA L.','2017-01344',1,2,0),(337,'LIM, AL SHERADZE MAMMAH. ','2017-01466',1,1,0),(338,'MACASU, WADZNA H','2005-02452',0,1,0),(339,'MADISA, TIMHAR Y.','9812741205',0,1,0),(340,'MAG-ASO, MA. THESA A.','2017-01379',1,2,0),(341,'MAGALLON, REGINE BONGCASAN.','2009-30344',1,2,0),(342,'MAGDUGO, ARBEN E.','00-0658-01',1,1,1),(343,'MANAYA, JEASON R.','2008-01378',0,1,0),(344,'MENDOZA, ALBBEE KENT CANDIDO.','2010-01785',1,1,1),(345,'MONAYA, CARL JEFFERSON D','2017-01487',0,1,0),(346,'MOSQUISA, MARY GRACE R. ','2015-04080',0,1,0),(347,'MUNAP, HAYDEL ASULA. ','2013-02087',1,1,1),(348,'NAVARRETE, KRISTINE ANNE DOROJA.','2011-01578',0,1,0),(349,'NURANI, ABDULGHAN JUMMA. ','2018-03775',0,1,0),(350,'OH, CARMELA JOYCE M. ','2017-01467',1,2,0),(351,'PABLO, JASMEN J. ','98-1682-05',1,2,0),(352,'PACESOLA, REGINA DELA VIDA.','2006-02603',1,2,0),(353,'PAMOTONGAN, ROCHELLE S','2017-00190',1,2,0),(354,'PANGANIBAN, MA. DONABEL T.','2005-30884',0,1,0),(355,'PAZ, EFFIE MAE O.','2018-02535',0,1,0),(356,'POLIDARIO, JERIEMAY C. ','2006-01531',1,2,0),(357,'QUINTO, MANUEL A. ','2018-03117',0,1,0),(358,'RAMOS, RENELA SABORNIDO. ','2018-04223',0,1,0),(359,'RASDI, ALRAIZ ALHABSI. ','2006-00799',0,1,0),(360,'RASUL, MARIA MYLA G.','2016-02181',0,1,0),(361,'RASUL, YUSOF G. ','2005-00738',0,1,0),(362,'RIVERA JR., RAUL RUBEN ROJAS','2015-03863',1,1,0),(363,'ROBANTE, JEVELYN P','2018-03516',1,2,0),(364,'SAAVEDRA, RJ-CARL RAS','2018-02441',1,1,0),(365,'SAKILI, ALVENER HASIM.','2011-00289',0,1,0),(366,'SALAPUDDIN-AJIBON, RABIA AUNAL','2011-03483',1,2,0),(367,'SALAZAR, KIMLYN ASAMLI.','2004-30042',0,1,0),(368,'SALI, AL-ARBASH SALIPATAN. ','2011-01195',0,1,0),(369,'SALVACION, JOSE GABRIEL BLANCO. ','2017-00105',1,1,0),(370,'SANTOS, GARRY V.','2015-04156',0,1,0),(371,'SAPAIH, FAIZAL A. ','97-1152-05',1,1,0),(372,'STA.TERESA, JULIE ANN SOLANO','2017-00585',1,2,0),(373,'TABILON JR, CLIMBROS CASIMIRO. ','2010-01480',1,1,0),(374,'TACLAS, EZRA F. ','2008-01149',1,2,0),(375,'TAGON, PRINCE ANTHONY F','2004-01044',1,1,0),(376,'TAPSI, ZULPATRA A. ','2002-32127',1,2,0),(377,'TORRES, LUCIVEL CARRILLO','2018-04199',0,1,0),(378,'TRUMATA, LORD ANNGEORY V. ','2005-00694',1,2,0),(379,'TUBLE, TIMOTHY TRENT T','2018-03383',0,1,0),(380,'TUPAY, MEDINA M.','2017-01132',1,2,0),(381,'ULAMA, SHAJID A.','2006-31026',0,1,0),(382,'UMABONG, ADAWEYA JAWALI. ','2013-01713',1,2,0),(383,'YAP-AIZON, GRACIELLE PILAR TORRES. ','2012-01212',0,1,0),(384,'YUSAH, JOWENA L. ','2018-03309',1,2,0),(385,'BAUTISTA, CRISLIFAMOR IDRIS','2013-02232',1,2,0),(386,'ABATO, ALYSSA JEHAN KULONG. ','2012-00601',1,2,0),(387,'ABDUHARI, BARSISA HUSSIEN.','2017-01031',1,2,0),(388,'ABDULMAJID, ELNIZAL J.','2017-00273',1,1,0),(389,'ABUBAKAR, ALCHWARIZMI BALAHIM. ','2012-00185',1,1,0),(390,'ABUJOS, MAYETH LUZ GUMERA.','2004-30110',0,2,0),(391,'ACUA, ARONA KALE CARVAJAL.','2013-00336',1,2,0),(392,'ALCANTARA, VILMA S','2017-00792',0,2,0),(393,'APOSTOL, RICHELLE JANE DUPLA. ','2011-01255',0,2,0),(394,'ARQUIZA, TIMOTHY E. ','00-4094-03',0,1,0),(395,'ASMAD, JILMA H. ','2002-00751',1,2,0),(396,'BAIT-IT, KAREN OZELLE SALUDARES.','2009-01369',0,1,0),(397,'BARTOLOME, ROSSETTE UC-KUNG','2013-02095',0,1,0),(398,'BAYARON, NAPOLEON T','2003-30076',0,1,0),(399,'BENITEZ, LORDINA M. ','2006-01533',0,1,0),(400,'CABATUAN, BETTY JANE SAAVEDRA','03141-15',1,2,0),(401,'CABRAL, KATHLEEN MAE DE ASIS','2008-02083',0,1,0),(402,'CAMBONGA, ROEL UROT.','2017-00467',1,1,0),(403,'CARBA, MA. CRISTINA C. ','2007-00046',1,2,0),(404,'CATUBIG, JEROME NICHOLAS ENRIQUEZ','2010-01377',1,1,0),(405,'CHIONG, MARIANNE ACAS.','2018-03612',1,2,0),(406,'CONCEPCION, ROXELLE MARI JUATON.','2011-02366',1,2,0),(407,'DEL MUNDO, MICHELLE P','2017-00258',0,1,0),(408,'ELOPRE, LIEZEL G','2005-01492',1,2,0),(409,'FERNANDO, ANESTY B.','2018-03375',1,2,0),(410,'FONOLLERA, URIS A','2017-00101',1,1,0),(411,'GACO, ALFREDO PAPAS.','2016-00615',0,1,0),(412,'GARCIA, MARIE HAZEL MADRAZO.','2010-03134',0,1,0),(413,'IKLAMO, JUDYMAN JAMALUL. ','2010-03442',1,1,0),(414,'IYOG, LEAYZA CARREON','2010-01831',0,1,0),(415,'JABEL, RAMON RODRIGUEZ. ','2018-04196',0,1,0),(416,'JAFAR, NOOR SHEERA A.','2018-03189',1,2,0),(417,'JOSE, MICHELLE ARQUIZA. ','2016-00952',0,1,0),(418,'KASAN, BENZAR TIMONAN.','2010-00596',0,1,0),(419,'KHO, MARIE CAMILLE ROSE A. ','2018-03376',1,2,0),(420,'LAGBAS, SHEENA JABAL.','2014-02635',1,2,0),(421,'LIMOS, MARY GRACE D. ','2002-00098',1,2,0),(422,'MALCAMPO, ABIGAEL T. ','01-04-1810',0,1,0),(423,'MANZANO, GRAZEL L. ','2017-00266',1,2,0),(424,'NAJIRUL, RHEISA S.','2018-03377',1,2,0),(425,'NOBLE-ONG, FATIMA NICOLEI MARI NOVELERO','2008-00847',0,1,0),(426,'OGA, ERESSA MAE E','2017-00466',1,2,0),(427,'PAJARON, ROGER E.','2003-30513',1,1,0),(428,'PASAOL, KATRINA A. ','2005-00673',0,1,0),(429,'PELAYO, PORTIA A','2002-31058',1,2,0),(430,'PLACIO, EDREN MARK R. ','2010-02459',1,1,0),(431,'PORRAS, AUBREY ROSE JANEA','2011-00712',1,2,0),(432,'QUIJANO, LALATHAZZOMAR CHAPUNAN','2011-04017',0,1,0),(433,'RAMOS, JEAN LEA F','2003-01294',0,1,0),(434,'SANSON, CAMILLE ALFARO.','2012-00226',1,2,0),(435,'SANTOS, IAN ROY ALBERTO.','2016-02328',1,1,0),(436,'SAPLAD, STENELLI GRACE L','2017-00334',0,2,0),(437,'SILVESTRE, MAY B.','2005-31356',0,1,0),(438,'SOLO, ANGELO MENDOZA. ','2012-02095',1,1,1),(439,'TAGA-OC, ALLAN ROMANDE.','2006-30657',0,1,0),(440,'TAGIOBON, RONEL S.','2018-03188',1,1,0),(441,'TAN, KRYSTAL JOY D','2018-03181',1,2,0),(442,'TORRES, RICA MARIE D. ','2004-01047',0,1,0),(443,'TUBIL II, MA. ASIE GAALA','2006-00624',0,1,0),(444,'VENUS, MICHELLE MANOOP. ','2017-00980',0,1,0),(445,'WADJA, ALVAREZ JAINAL.','2018-03606',0,1,0),(446,'ABDURAHMAN, JASEM BIN JAIMAR ENGGING','2012-01457',0,1,0),(447,'ABDURRAHMAN, AMMERA JALIL. ','2018-04315',0,2,0),(448,'ABELLANO, MARIEL MAE ENOC','2010-01474',1,2,0),(449,'ADONAY, MARY JANE MAPUTOL. ','2009-30388',1,2,0),(450,'AMBIL, SARHA SAGALA.','2010-01406',1,2,0),(451,'AMPALAYO, LOVELL KARREN RECABO','2017-00456',1,2,0),(452,'ANION, JERYL JAVIER.','2018-04097',1,2,0),(453,'BANGUIH, ALBIA AIZA A','2006-02806',0,1,0),(454,'BARRETTO, APRIL JANE CHUA.','2017-00314',1,2,0),(455,'BIDIN, AMINA MULSID','01-040676',0,1,0),(456,'BOLOLATO, MARY-MAY BARRAQUIAS.','99-2072-05',1,2,0),(457,'BUANDING, JUVIELYN AKALAL. ','2018-04240',0,1,0),(458,'CASTRO, LENJELBEN ENOT.','2018-04272',0,1,0),(459,'CLIMACO, ZERITA F. ','2009-31263',0,1,0),(460,'CRUZADO, JANINE CLAIRE SANTOS','2017-00317',0,1,0),(461,'DIEGO, THELMA E.','2017-01427',1,2,0),(462,'ELIAS, AL-RAJEEB ULANGHUTAN.','2018-03905',1,1,0),(463,'ESPIRITUSANTO, DANIEL C','2005-01431',1,1,0),(464,'GINES, DAISY MARIE T','2017-01380',1,2,0),(465,'GREGORIO, ROLIE DITH SABARICOS.','2008-02765',1,2,0),(466,'GULAM, FADZLIE M. ','2017-01440',0,1,0),(467,'IGNACIO, CHRISTOPHER M.','01-282828',1,1,0),(468,'IGNACIO, DIVINA BUCOG.','2003-30224',1,2,0),(469,'IMMID, ABMEL INDANAN.','2012-01265',1,1,0),(470,'JULWADI, NURSIDA JAMSURI JAMMANG','2018-03859',1,2,0),(471,'LACUESTA, MA. CHRISTINE DAGUIO','2018-03728',1,2,0),(472,'LAGBAS, LOUELLA FE D.','2017-01418',0,1,0),(473,'LAYULA, JULASRIE CHUA. ','2004-01298',0,1,0),(474,'LIM, JOHN WARREN LACBAO. ','2018-03795',0,1,0),(475,'LINEJAN, NIO NARMEL M. ','2003-00796',0,1,0),(476,'MADJILON, EVAN LLOYD LAO.','2018-02635',0,1,0),(477,'MANOGURA, CHELSEA JADE CATEQUISTA','2018-04065',1,2,0),(478,'MAZALAN, SHARINA A. ','2017-00794',0,1,0),(479,'NATIVIDAD, ELEONORA F. ','24320',1,2,0),(480,'NATIVIDAD, LARA CARMINA GUEVARA. ','2009-01174',0,1,0),(481,'ONG, RIZA MAY TORIBIO.','2017-00315',1,2,0),(482,'PANES, JOHN DRAKE MONGCUPA. ','2007-02226',1,1,0),(483,'PATIO, ETHEL GRACE LIM','2018-04219',0,1,0),(484,'PINGLI, MUHADIR NAING. ','2012-01761',1,1,0),(485,'PINILI, RIEZEL MAE ALARCIO.','2010-03454',1,2,0),(486,'REYES, DARWIN DONASCO.','2011-00357',1,1,0),(487,'RIVERA, OHYINE VALLENA. ','2018-04198',1,2,0),(488,'ROSOS, ZARAH DENISE O.','2016-02184',0,1,0),(489,'SAKKAM, AINON NAZIYA I.','10211989',1,2,0),(490,'SANCHEZ, STEPHANIE JOY CHATTO.','2018-03928',1,2,0),(491,'SEBASTIAN, EUGENE JACINTO. ','97-1382-05',1,1,0),(492,'SOLAMO, SISIANNE M. ','2005-30047',1,2,0),(493,'TABUGARA, MA. KORINA EBOL','2009-00561',1,2,0),(494,'TAN, RAFFY ADELTONE N.','2017-01447',0,1,0),(495,'TANDOC, ASHRAF PANDAOG.','2003-30826',1,1,0),(496,'TEO, NATALIE ROSS C.','263205',0,1,0),(497,'VILLAGRACIA, NUR HAMIN ABDULADI.','2005-01685',0,1,0),(498,'VILLAREAL, ORLIE R','1321405',0,1,0),(499,'ZABALA, CEDRICK SACLOLO','2017-00241',1,1,0),(500,'DR. FREDE G. MORENO','1',0,1,0),(501,'DR. VIVIAN R. MOLINA','1',0,2,0),(502,'DR. M. CARLA A. OCHOTORENA','1',1,2,0),(503,'PNP Gen. (Ret.) RAMON OCHOTORENA','1',1,1,0),(504,'DR. JOSELINO MADROAL','1',1,1,0),(505,'DR. LEA U. LAPUT','1',0,2,0),(506,'DR. SARAH TAUPAN','1',0,2,0),(507,'DR. GARY HABIBON','1',0,1,0),(508,'ARD MAHMUD L. KINGKING','1',0,1,0),(509,'PROF. BERNARD Q. SURIAGA','1',1,1,0),(510,'PROF. MAYER DELGADO','1',0,2,0),(511,'PROF. MARLON GRANDE','1',0,1,0),(512,'PROF. ALGHANNI MOHAMMAD','1',0,1,0),(513,'PROF. ANTONIETTA A. ARQUIZA','1',0,2,0),(514,'PROF. RAQUEL ROSALINE GALDO','1',0,2,0),(515,'PROF. JORDAN VALENTE','1',0,1,0),(516,'PROF. MARYFLOR LADORES','1',0,2,0),(517,'RAVECHE, RONAND P.','',1,1,0),(518,'VINUYA, ALVIN','',1,1,0),(519,'MAMMAH, PARALUMAN','',1,2,0),(520,'CORTEJO, JUN','1',1,1,0),(521,'ALI, DINYO S','1',1,1,1),(522,'DAVALAN, JINKY','1',1,2,0),(523,'CABATUAN, MARCO','1',1,1,0),(524,'HAMIN, AIRA','1',1,2,0),(525,'eriz bartolome','',1,1,0),(526,'KASSAN, BENZAR','1',1,1,0),(527,'MARTINEZ, JAYZEE','1',1,1,0);

/*Table structure for table `tbl_rstl` */

DROP TABLE IF EXISTS `tbl_rstl`;

CREATE TABLE `tbl_rstl` (
  `rstl_id` int(11) NOT NULL AUTO_INCREMENT,
  `region_id` int(11) NOT NULL,
  `name` varchar(50) CHARACTER SET latin1 NOT NULL,
  `code` varchar(10) CHARACTER SET latin1 NOT NULL,
  PRIMARY KEY (`rstl_id`)
) ENGINE=InnoDB AUTO_INCREMENT=28 DEFAULT CHARSET=latin1 COLLATE=latin1_general_ci;

/*Data for the table `tbl_rstl` */

insert  into `tbl_rstl`(`rstl_id`,`region_id`,`name`,`code`) values (1,3,'DOST-I','R1'),(2,4,'DOST-II','R2'),(3,5,'DOST-III','R3'),(4,6,'DOST-IVA-L1','R4AL1'),(5,6,'DOST-IVA-L2','R4AL2'),(6,7,'DOST-IVB','R4B'),(7,8,'DOST-V','R5'),(8,9,'DOST-VI','R6'),(9,10,'DOST-VII','R7'),(10,11,'DOST-VIII','R8'),(11,12,'DOST-IX','R9'),(12,13,'DOST-X','R10'),(13,14,'DOST-XI','R11'),(14,15,'DOST-XII-L1','R12L1'),(15,15,'DOST-XII-L2','R12L2'),(16,2,'DOST-CAR','CAR'),(17,17,'DOST-CARAGA','R13'),(18,18,'DOST-ARMM','ARMM'),(19,19,'DOST-FNRI','FNRI'),(20,20,'DOST-FPRDI','FPRDI'),(21,21,'DOST-ITDI','ITDI'),(22,22,'DOST-MIRDC','MIRDC'),(23,23,'DOST-PTRI','PTRI'),(24,24,'DOST-PNRI','PNRI'),(25,6,'DOST-IVA-L3','R4AL3'),(26,6,'DOST-IVA-L4','R4AL4'),(27,21,'DOST-ADMATEL','ADMATEL');

/*Table structure for table `tbl_section` */

DROP TABLE IF EXISTS `tbl_section`;

CREATE TABLE `tbl_section` (
  `section_id` int(11) NOT NULL AUTO_INCREMENT,
  `division_id` int(11) NOT NULL,
  `code` varchar(20) NOT NULL,
  `name` varchar(200) NOT NULL,
  PRIMARY KEY (`section_id`)
) ENGINE=InnoDB AUTO_INCREMENT=19 DEFAULT CHARSET=latin1;

/*Data for the table `tbl_section` */

insert  into `tbl_section`(`section_id`,`division_id`,`code`,`name`) values (1,1,'','Office of the Regional Director'),(2,2,'','Supply Unit'),(3,2,'','Accounting Unit'),(4,2,'','Cashiering Unit'),(5,3,'','S&T Scholarships Unit'),(6,3,'','S&T Information Center'),(7,3,'','Information and Communication Technnology Unit'),(8,3,'','RSTL Office'),(9,3,'','Metrology and Calibration Laboratory'),(10,3,'','Chemical Testing Laboratory'),(11,3,'','Microbiological Testing Laboratory'),(12,4,'','Field Operations Services Office'),(13,4,'','PSTC-Zamboanga del Sur'),(14,4,'','PSTC-Zamboanga del Norte'),(15,4,'','PSTC-Zamboanga Sibugay'),(16,4,'','PSTC-Isabela Basilan'),(17,2,'','Human Resource and Development'),(18,0,'','Please select');

/*Table structure for table `tbl_status` */

DROP TABLE IF EXISTS `tbl_status`;

CREATE TABLE `tbl_status` (
  `status_id` int(11) NOT NULL AUTO_INCREMENT,
  `status` varchar(100) CHARACTER SET latin1 NOT NULL,
  PRIMARY KEY (`status_id`)
) ENGINE=InnoDB AUTO_INCREMENT=7 DEFAULT CHARSET=latin1 COLLATE=latin1_general_ci;

/*Data for the table `tbl_status` */

insert  into `tbl_status`(`status_id`,`status`) values (1,'On-going'),(2,'Graduated/ Completed'),(3,'Terminated'),(4,'Withdrawn'),(5,'Non-Compliance'),(6,'Duplicate');

/*Table structure for table `tbl_status_sub` */

DROP TABLE IF EXISTS `tbl_status_sub`;

CREATE TABLE `tbl_status_sub` (
  `status_sub_id` int(11) NOT NULL AUTO_INCREMENT,
  `status_id` int(11) NOT NULL,
  `subname` varchar(100) CHARACTER SET latin1 NOT NULL,
  PRIMARY KEY (`status_sub_id`)
) ENGINE=InnoDB AUTO_INCREMENT=9 DEFAULT CHARSET=latin1 COLLATE=latin1_general_ci;

/*Data for the table `tbl_status_sub` */

insert  into `tbl_status_sub`(`status_sub_id`,`status_id`,`subname`) values (1,1,'Good Standing'),(2,1,'Suspended'),(3,1,'Leave Of Absence'),(4,1,'No Report'),(5,2,'Graduated'),(6,3,'Terminated'),(7,4,'Withdrawn'),(8,5,'Non-Compliance');

/*Table structure for table `tbl_unit` */

DROP TABLE IF EXISTS `tbl_unit`;

CREATE TABLE `tbl_unit` (
  `unit_id` int(11) NOT NULL AUTO_INCREMENT,
  `division_id` int(11) NOT NULL,
  `code` varchar(20) NOT NULL,
  `name` varchar(200) NOT NULL,
  PRIMARY KEY (`unit_id`)
) ENGINE=InnoDB AUTO_INCREMENT=18 DEFAULT CHARSET=latin1;

/*Data for the table `tbl_unit` */

insert  into `tbl_unit`(`unit_id`,`division_id`,`code`,`name`) values (1,1,'','Office of the Regional Director'),(2,2,'','Supply Unit'),(3,2,'','Accounting Unit'),(4,2,'','Cashiering Unit'),(5,3,'','S&T Scholarships Unit'),(6,3,'','S&T Information Center'),(7,3,'','Information and Communication Technnology Unit'),(8,3,'','RSTL Office'),(9,3,'','Metrology and Calibration Laboratory'),(10,3,'','Chemical Testing Laboratory'),(11,3,'','Microbiological Testing Laboratory'),(12,4,'','Field Operations Services Office'),(13,4,'','PSTC-Zamboanga del Sur'),(14,4,'','PSTC-Zamboanga del Norte'),(15,4,'','PSTC-Zamboanga Sibugay'),(16,4,'','PSTC-Isabela Basilan'),(17,2,'','Human Resource and Development');

/*Table structure for table `tbl_upload_package` */

DROP TABLE IF EXISTS `tbl_upload_package`;

CREATE TABLE `tbl_upload_package` (
  `upload_id` int(11) NOT NULL AUTO_INCREMENT,
  `package_name` varchar(100) DEFAULT NULL,
  `module_name` varchar(100) DEFAULT NULL,
  `created_at` int(11) DEFAULT NULL,
  `updated_at` int(11) DEFAULT NULL,
  PRIMARY KEY (`upload_id`)
) ENGINE=InnoDB AUTO_INCREMENT=2 DEFAULT CHARSET=utf8;

/*Data for the table `tbl_upload_package` */

insert  into `tbl_upload_package`(`upload_id`,`package_name`,`module_name`,`created_at`,`updated_at`) values (1,'lab.zip','Lab.zip',1515397495,1515397495);

/*Table structure for table `tbl_user` */

DROP TABLE IF EXISTS `tbl_user`;

CREATE TABLE `tbl_user` (
  `user_id` int(11) NOT NULL AUTO_INCREMENT,
  `username` varchar(32) COLLATE utf8_unicode_ci DEFAULT NULL,
  `auth_key` varchar(32) COLLATE utf8_unicode_ci NOT NULL,
  `password_hash` varchar(255) COLLATE utf8_unicode_ci DEFAULT NULL,
  `password_reset_token` varchar(255) COLLATE utf8_unicode_ci DEFAULT NULL,
  `email` varchar(255) COLLATE utf8_unicode_ci DEFAULT NULL,
  `status` smallint(6) DEFAULT '0',
  `created_at` int(11) DEFAULT NULL,
  `updated_at` int(11) DEFAULT NULL,
  PRIMARY KEY (`user_id`)
) ENGINE=InnoDB AUTO_INCREMENT=6 DEFAULT CHARSET=utf8 COLLATE=utf8_unicode_ci;

/*Data for the table `tbl_user` */

insert  into `tbl_user`(`user_id`,`username`,`auth_key`,`password_hash`,`password_reset_token`,`email`,`status`,`created_at`,`updated_at`) values (1,'Admin','H06d598TowxCUB1bRLqPHNsPMtkp3MCK','$2y$13$BN527H.4FleiF2hV6Y44T.VghBlMAJ8HgGQ9MD65O0tKVRNS8jKji','4CnX1D1IKs70gFic28bClG-vbQfzldAB_1517198782','arismoratalla@gmail.com',10,1512923120,1529287101),(3,'redx88','1KhUtj7dcEC2AHDUcFQsY9Cuf0TIZJW4','$2y$13$7HOvztOozwCsCd8Hevd5F.ealg4Wb/9LBs65KqTwicBTklax8/lsG',NULL,'red_x88@yahoo.com',0,1520925627,1528959127),(4,'mcb0107','B4akPiMZHWJBUthBJQejPGycx4ETcgz0','$2y$13$BN527H.4FleiF2hV6Y44T.VghBlMAJ8HgGQ9MD65O0tKVRNS8jKji',NULL,'mcb@gmail.com',10,1521005855,1528939397),(5,'tediego','fnAgDXbU5OkrV01fB5C5C81BTTTgrJda','$2y$13$UNeEhxFFqTT0fxiO1ZcgoO3mgdzZ6elghlLvHVx8xIvTFXhlwG/G2',NULL,'tediego@gmail.com',10,1528959184,1528959196);

/*Table structure for table `tbl_votes` */

DROP TABLE IF EXISTS `tbl_votes`;

CREATE TABLE `tbl_votes` (
  `id` int(11) NOT NULL AUTO_INCREMENT,
  `class` varchar(15) NOT NULL,
  `entry` varchar(50) NOT NULL,
  `votes` int(11) NOT NULL,
  PRIMARY KEY (`id`)
) ENGINE=InnoDB AUTO_INCREMENT=10 DEFAULT CHARSET=latin1;

/*Data for the table `tbl_votes` */

insert  into `tbl_votes`(`id`,`class`,`entry`,`votes`) values (1,'PA 201 A','Enchanted',3489),(2,'PA 201 B','Regalia',4724),(3,'PA 207 B','That\'s How You Know',2127),(4,'PA 205 A','Disney Dudes',522),(5,'PA 207 A','After Ever After',4475),(6,'PA 205 B','Sultanate Muslim Wedding',715),(7,'PA 206 A','Enchanted',466),(8,'PA 299 B','The King and I',3433),(9,'PA 297 B','Moana',400);

/*Table structure for table `vw_getuser` */

DROP TABLE IF EXISTS `vw_getuser`;

/*!50001 DROP VIEW IF EXISTS `vw_getuser` */;
/*!50001 DROP TABLE IF EXISTS `vw_getuser` */;

/*!50001 CREATE TABLE  `vw_getuser`(
 `user_id` int(11) ,
 `username` varchar(32) ,
 `auth_key` varchar(32) ,
 `password_hash` varchar(255) ,
 `password_reset_token` varchar(255) ,
 `email` varchar(255) ,
 `status` smallint(6) ,
 `created_at` int(11) ,
 `updated_at` int(11) ,
 `lastname` varchar(50) ,
 `firstname` varchar(50) 
)*/;

/*View structure for view vw_getuser */

/*!50001 DROP TABLE IF EXISTS `vw_getuser` */;
/*!50001 DROP VIEW IF EXISTS `vw_getuser` */;

/*!50001 CREATE ALGORITHM=UNDEFINED DEFINER=`root`@`localhost` SQL SECURITY DEFINER VIEW `vw_getuser` AS (select `tbl_user`.`user_id` AS `user_id`,`tbl_user`.`username` AS `username`,`tbl_user`.`auth_key` AS `auth_key`,`tbl_user`.`password_hash` AS `password_hash`,`tbl_user`.`password_reset_token` AS `password_reset_token`,`tbl_user`.`email` AS `email`,`tbl_user`.`status` AS `status`,`tbl_user`.`created_at` AS `created_at`,`tbl_user`.`updated_at` AS `updated_at`,`tbl_profile`.`lastname` AS `lastname`,`tbl_profile`.`firstname` AS `firstname` from (`tbl_user` join `tbl_profile` on((`tbl_profile`.`user_id` = `tbl_user`.`user_id`)))) */;

/*!40101 SET SQL_MODE=@OLD_SQL_MODE */;
/*!40014 SET FOREIGN_KEY_CHECKS=@OLD_FOREIGN_KEY_CHECKS */;
/*!40014 SET UNIQUE_CHECKS=@OLD_UNIQUE_CHECKS */;
/*!40111 SET SQL_NOTES=@OLD_SQL_NOTES */;
